Seed,Round,Sequence,Fitness,Surrogate,Acquisition,Encoding,Generator
0,0,MQYKLILNGKTLKGETTTEAVDAATAEKVFKQYANDNGVDLEWTYDDATKTFTSTELEVLFQGPLDPNSMATYEVLCEVARKLGTDDREVVLFLLNVFIPQPTLAQLIGALRALKEEGRLTFPLLAECLFRAGRRDLLRDLLHLDPRFLERHLAGTMSYFSPYQLTVLHVDGELCARDIRSLIFLSKDTIGSRSTPQTFLPWVYCMENLDLLGPTDVDALMSMLRSLSRVDLQRQVQTLMGLHLSGPSHSQHYRHTPLEHHHHHH,0,gp,ucb,one_hot,mutation
0,0,MQYKLILNGKTLWGETTTEAVDAATAEKVFKQYANDNGVDGEWTYDDATKTFTMTELEVLFQGPLDPNSMATYEVLCEVARKLGTDDREVVLFLLNVFIPQPTLAQLIGALRALKEEGRLTFPLLAECLFRAGRRDLLRDLLHLDPRFLERHLAGTMSYFSPYQLTVLHVDGELCARDIRSLIFLSKDTIGSRSTPQTFLHWVYCMENLDLLGPTDVDALMSMLRSLSRVDLQRQVQTLMGLHLSGPSHSQHYRHTPLEHHHHHH,0,gp,ucb,one_hot,mutation
0,0,MQYKLILNGKTLKGCTTTEAVDAATAEKVFKQYANDNGVDLEWTYDDATKTFTSTELEVLFQGPLDPNSMATYEVLCEVARKLGTDDREVVLFLLNVFIPQPTLAQLIGALRALKEEGRLTFPLLAECLFRAGRRDLLRDLLHLDPRFLERHLAGTMSYFSPYQLTVLHVDGELCARDIRSLIFLSKDTIGSRSTPQTFLHWVYCMENLDLLGPTDVDALMSMLRSLSRVDLQRQVQTLMGLHLSGPSHSQHYRHTPLEHHHHHH,0,gp,ucb,one_hot,mutation
0,0,MQYKLILNGKTLKGETTTEAVDAATAEKVFKQYANDNGVDPEWTYDDATKTFTVTELEVLFQGPLDPNSMATYEVLCEVARKLGTDDREVVLFLLNVFIPQPTLAQLIGALRALKEEGRLTFPLLAECLFRAGRRDLLRDLLHLDPRFLERHLAGTMSYFSPYQLTVLHVDGELCDRDIRSLIFLSKDTIGSRSTPQTFLHWVYCMENLDLLGPTDVDALMSMLRSLSRVDLQRQVQTLMGLHLSGPSHSQHYRHTPLEHHHHHH,0,gp,ucb,one_hot,mutation
0,0,MQYKLILNGKTLKGETTTEAVDAATAEKVFKQYANDNGVDDEWTYDDATKTFTNTELEVLFQGPLDPNSMATYEVLCEVARKLGTDDREVVLFLLNVFIPQPTLAQLIGALRALKEEGRLTFCLLAECLFRAGRRDLLRDLLHLDPRFLERHLAGTMSYFSPYQLTVLHVDGELCARDIRSLIFLSKDTIGSRSTPQTFLHWVYCMENLDLLGPTDVDALMSMLRSLSRVDLQRQVQTLMGLHLSGPSHSQHYRHTPLEHHHHHH,0,gp,ucb,one_hot,mutation
0,0,MQYKLILNGKTLKGETTTEAVDAATAEKVFKQYANDNGVDEEWTYDDATKTFTWTELEVLFQGPLDPNSMATYEVLCEVARKLGTDDREVVLFLLNVFIPQPTLAQLIGALRALHEEGRLTFPLLAECLFRAGRRDLLRDLLHLDPRFLERHLAGTMSYFSPYQLTVLHVDGELCARDIRSLIFLSKDTIGSRSTPQTFLHWVYCMENLDLLGPTDVDALMSMLRSLSRVDLQRQVQTLMGLHLSGPSHSQHYRHTPLEHHHHHH,0,gp,ucb,one_hot,mutation
0,0,MQYKLILNGKTLKGETTTEAVDAATAEKVFKQYANDNGVDYEWTYDDATKTFTYTELEVLFQGPLDPNSMATYEVLCEVARKLGTDDREVVHFLLNVFIPQPTLAQLIGALRALKEEGRLTFPLLAECLFRAGRRDLLRDLLHLDPRFLERHLAGTMSYFSPYQLTVLHVDGELCARDIRSLIFLSKDTIGSRSTPQTFLHWVYCMENLDLLGPTDVDALMSMLRSLSRVDLQRQVQTLMGLHLSGPSHSQHYRHTPLEHHHHHH,0,gp,ucb,one_hot,mutation
0,0,MQYKLILNGKTLKGETTTEAVDAATAEKVFKQYANDNGVDPEWTYDDATKTFTVTELEVLFQGPLDPNSMATYEVLCEVARKLGTDDREVVLFLLNVFIPQPTLAQLIGALRALKEEGRLTFPLLAECLIRAGRRDLLRDLLHLDPRFLERHLAGTMSYFSPYQLTVLHVDGELCARDIRSLIFLSKDTIGSRSTPQTFLHWVYCMENLDLLGPTDVDALMSMLRSLSRVDLQRQVQTLMGLHLSGPSHSQHYRHTPLEHHHHHH,0,gp,ucb,one_hot,mutation
0,0,MQYKLILNGKTLKGETTTEAVDAATAEKVFKQYANDNGVDQEWTYDDATKTFTSTELEVLFQGPLDPNSMATYEVLCEVARKLGTDDREVVLFLLNVFIPQPTLAQLIGALRALKEEGRLTFPLLAECLFRAGRRDLLRDLLHLDPRFLERHLAGTMSYFSPYQLTVLHVDGELCARDIRSLIFLSKDTIGSRSTPQTFLHWVKCMENLDLLGPTDVDALMSMLRSLSRVDLQRQVQTLMGLHLSGPSHSQHYRHTPLEHHHHHH,0,gp,ucb,one_hot,mutation
0,0,MQYKLILNGKTLKGETTTEAVDAATAEKVFKQYANDNGVDYEWTYDDATKTFTNTELEVLFQGPLDPNSMATYEVLCEVARKLGTDDREVVLFLLNVFIPQPTLAQLIGALRALKEEGRLTFPLLAECLFRAGRRDLLRDLLHLDPRFLERHLAGTMSYFSPYQLTVLHVDGELCARDIRSLIFLSKDTIGSRSTPQTFLHWVYYMENLDLLGPTDVDALMSMLRSLSRVDLQRQVQTLMGLHLSGPSHSQHYRHTPLEHHHHHH,0,gp,ucb,one_hot,mutation
0,1,MQYKLILNGKKLKGETTTEAVDAATAEKVFKQYANDNGVDVEWTYDDATKTFTKTELEVLFQGPLDPNSMATYEVLCEVARKLGTDDREVVLFLLNVFIPQPTLAQLIGALRALKEEGRLTFPLLAECLFRAGRRDLLRDLLHLDPRFLERHLAGTMSYFSPYQLTVLHVDGELCARDIRSLIFLSKDTIGSRSTPQTFLHWVYCMENLDLLGPTDVDALMSMLRSLSRVDLQRQVQTLMGLHLSGPSHSQHYRHTPLEHHHHHH,0,gp,ucb,one_hot,mutation
0,1,MQYKLILNGKTLKGETTTEAHDAATAEKVFKQYANDNGVDVEWTYDDATKTFTKTELEVLFQGPLDPNSMATYEVLCEVARKLGTDDREVVLFLLNVFIPQPTLAQLIGALRALKEEGRLTFPLLAECLFRAGRRDLLRDLLHLDPRFLERHLAGTMSYFSPYQLTVLHVDGELCARDIRSLIFLSKDTIGSRSTPQTFLHWVYCMENLDLLGPTDVDALMSMLRSLSRVDLQRQVQTLMGLHLSGPSHSQHYRHTPLEHHHHHH,0,gp,ucb,one_hot,mutation
0,1,MQYKLILNGKTLKGETTTEAVDAATAEKVFKQYANDNGVDVEWTYDDATKTFDKTELEVLFQGPLDPNSMATYEVLCEVARKLGTDDREVVLFLLNVFIPQPTLAQLIGALRALKEEGRLTFPLLAECLFRAGRRDLLRDLLHLDPRFLERHLAGTMSYFSPYQLTVLHVDGELCARDIRSLIFLSKDTIGSRSTPQTFLHWVYCMENLDLLGPTDVDALMSMLRSLSRVDLQRQVQTLMGLHLSGPSHSQHYRHTPLEHHHHHH,0,gp,ucb,one_hot,mutation
0,1,MQYKLILNGKTLKGETTTEAVDAATAEKVFKQYANDNGVDVEWTYDDATKTFTKTELEVLFQGPLDPNSMATYEVLCEVARKLGTDDREVVLFLLNVFIPQPTLAQLIGALRALKDEGRLTFPLLAECLFRAGRRDLLRDLLHLDPRFLERHLAGTMSYFSPYQLTVLHVDGELCARDIRSLIFLSKDTIGSRSTPQTFLHWVYCMENLDLLGPTDVDALMSMLRSLSRVDLQRQVQTLMGLHLSGPSHSQHYRHTPLEHHHHHH,0,gp,ucb,one_hot,mutation
0,1,MQYKLILNGKTLKGETTTEAVDAATAEKVFKQYANDNGVDVEWTYDDATKTFTKTELEVLFQGPLDPNSMATYEVLCEVARKLGTDDREVVLFLLNVFIPQPTLAQLIGALRALKEEGRLTFPLLAECLFRAGRRDLLRDLLHLDPRFLERHLAGTMSYFSPYQLTVLHVDGELCARDIRSLIFLSKDTIGSRSTPQTMLHWVYCMENLDLLGPTDVDALMSMLRSLSRVDLQRQVQTLMGLHLSGPSHSQHYRHTPLEHHHHHH,0,gp,ucb,one_hot,mutation
0,2,MQYKLILNGKTLKGETTTDAVDAATAEKVFKQYANDNGVDKEWTYDDATKTFTMTELEVLFQGPLDPNSMATYEVLCEVARKLGTDDREVVLFLLNVFIPQPTLAQLIGALRALKEEGRLTFPLLAECLFRAGRRDLLRDLLHLDPRFLERHLAGTMSYFSPYQLTVLHVDGELCARDIRSLIFLSKDTIGSRSTPQTFLHWVYCMENLDLLGPTDVDALMSMLRSLSRVDLQRQVQTLMGLHLSGPSHSQHYRHTPLEHHHHHH,0,gp,ucb,one_hot,mutation
0,2,MQYKLILNGKTLKGETITEAVDAATAEKVFKQYANDNGVDKEWTYDDATKTFTMTELEVLFQGPLDPNSMATYEVLCEVARKLGTDDREVVLFLLNVFIPQPTLAQLIGALRALKEEGRLTFPLLAECLFRAGRRDLLRDLLHLDPRFLERHLAGTMSYFSPYQLTVLHVDGELCARDIRSLIFLSKDTIGSRSTPQTFLHWVYCMENLDLLGPTDVDALMSMLRSLSRVDLQRQVQTLMGLHLSGPSHSQHYRHTPLEHHHHHH,0,gp,ucb,one_hot,mutation
0,2,MQYKLILNGKTLKGETTTEAVDAATAEKVFKQYANDNGVDKEWTYDDATKTFTMTELEVLFQGPLDPNSMALYEVLCEVARKLGTDDREVVLFLLNVFIPQPTLAQLIGALRALKEEGRLTFPLLAECLFRAGRRDLLRDLLHLDPRFLERHLAGTMSYFSPYQLTVLHVDGELCARDIRSLIFLSKDTIGSRSTPQTFLHWVYCMENLDLLGPTDVDALMSMLRSLSRVDLQRQVQTLMGLHLSGPSHSQHYRHTPLEHHHHHH,0,gp,ucb,one_hot,mutation
0,2,MQYKLILNGKTLKGETTTEAVDAATAEKVFKQYANDNGVDKEWTYDDATKTFTMTELEVLFQGPLDPNSMATYEVLCEVARKLGTDDREVVLFLLNVFIPQPTLAQLIGALRALKEEGRLTFPLLAECLFRAGRRDLLRDLLHLDPRFLERHLAGTMSYFSPYQLTVLHVDGELCARDIRSLIFLSKDTIGSRKTPQTFLHWVYCMENLDLLGPTDVDALMSMLRSLSRVDLQRQVQTLMGLHLSGPSHSQHYRHTPLEHHHHHH,0,gp,ucb,one_hot,mutation
0,2,MQYKLILNGKTLKGETTTEAVDAATAEKVFKQYANDNGVDKEWTYDDATKTFTMTELEVLFQGPLDPNSMATYEVLCEVARKLGTDDREVVLFLLNVFIPQPTLAQLIGALRALKEEGRLTFPLLAECLFRAGRRDLLRDLLHLDPRFLERHLAGTMSYFSPYQLTVLHVDGELCARDIRSLIFLSKDTIGSRSTPQTFLHWVYCMANLDLLGPTDVDALMSMLRSLSRVDLQRQVQTLMGLHLSGPSHSQHYRHTPLEHHHHHH,0,gp,ucb,one_hot,mutation
0,3,MQYKLILNGKTLKGETTTEAVDAATAEKVFKQYANDNGVDVEWTYDDATKTFTKTELEVLFQGPLDPNSMATYEVLCEVARKLGTDDREVVLFLLNVFIPQPTLAQLIGALRALKDEGRLTFPLLAECLFRAGRRDLLRDLLHLDPRFLERHLAGTMSYFSPYQLTVLHVDGELCARDIRSLIFLSKDTIGSRSTPQTFLHWVYCMENLDLLGPTDVYALMSMLRSLSRVDLQRQVQTLMGLHLSGPSHSQHYRHTPLEHHHHHH,0,gp,ucb,one_hot,mutation
0,3,MQYKLILNGKTLKGETTTEAVDAATAEKVFKQYANDNGVDVEWTYDDATKTFTKTELEVLFQGPLDPNSMATYEVLCEVARKLGTDDREVVLFLLNVFIPQPTLAQLIGALRALKEEGRLTFPLLAECLFRAGRRDLLRDLLHLDPRFLERHLAGTMSYFSPYQLTVLHVDGELCARDIRSLIFLSKDTIGSRSTPQTMLHWVYCMENLDLLGPTDVDALMSMLRSLSRVDLQRQVQTLMGLHLSGPSHSQHYRHTPLEHHHHSH,0,gp,ucb,one_hot,mutation
0,3,MQYKLILNGKTLKGETTTEAVDAATAEKVFKQYANDNGVDVEWTYDDATKTFTKTELEVLFQGPLDPNSMATYEVLCEVARKLGTDDREVVLFLLNVFIPQPTLAQLIGALRALKDEGRLTFPLLAECLFRAGRRDLLRDLLHLDPRFLERHLAGTMSYFSPYQLTVLHVDGELCARDIRSLIFLSKDTIGSRSTPQTFLHNVYCMENLDLLGPTDVDALMSMLRSLSRVDLQRQVQTLMGLHLSGPSHSQHYRHTPLEHHHHHH,0,gp,ucb,one_hot,mutation
0,3,MQYKLILNGKKLKGETTTEAVDAATAEKVFKQYANDNGVDVEWTYDDATKTFTKTEYEVLFQGPLDPNSMATYEVLCEVARKLGTDDREVVLFLLNVFIPQPTLAQLIGALRALKEEGRLTFPLLAECLFRAGRRDLLRDLLHLDPRFLERHLAGTMSYFSPYQLTVLHVDGELCARDIRSLIFLSKDTIGSRSTPQTFLHWVYCMENLDLLGPTDVDALMSMLRSLSRVDLQRQVQTLMGLHLSGPSHSQHYRHTPLEHHHHHH,0,gp,ucb,one_hot,mutation
0,3,MQYKLILNGKTLKGETTTEAVDAATAEKVFKQYANDNGVDVEWTYDDATKTFTKTELEVLFQGPLDPNSMATYEVLCEVARKLGTDDREVVLFLLNVFIPQPTLAQLIGALRALKDEGRLTFPLLAECLFRAGRRDLLRDLLHLDPRFLERHLAGTMSYFSPYQLTVLHVDGELCARDIRSLIFLSKDTIGSRSTPQTFLHWVYCMENLDLLGPTDVDALMSMLRSLSRVDLERQVQTLMGLHLSGPSHSQHYRHTPLEHHHHHH,0,gp,ucb,one_hot,mutation
0,4,MQYKLILNGKTLKGETTTEAVDAATAEKVFKQYANDNGVDVEWTYDDATKTFTKTELEVLFQGPLDPNSMATYEVLCEVARKLGTDDREVVLFLLNVFIPQPTLAQLIGALRALKEEGRLTFPLLAECLFRAGRRDLLRDLLHLDPRFLERHLAGTMSYFSPYQLTVLHVDGELCARDIRSLIFLSKDTIHSRSTPQTMLHWVYCMENLDLLGPTDVDALMSMLRSLSRVDLQRQVQTLMGLHLSGPSHSQHYRHTPLEHHHHSH,0,gp,ucb,one_hot,mutation
0,4,MQYKLILNGKTLKGETTTEAVDAATAEKVFKQYANDNGVDVEWTYDDATKTFTKTELEVLFQGPLDPNSMATYEDLCEVARKLGTDDREVVLFLLNVFIPQPTLAQLIGALRALKEEGRLTFPLLAECLFRAGRRDLLRDLLHLDPRFLERHLAGTMSYFSPYQLTVLHVDGELCARDIRSLIFLSKDTIGSRSTPQTMLHWVYCMENLDLLGPTDVDALMSMLRSLSRVDLQRQVQTLMGLHLSGPSHSQHYRHTPLEHHHHSH,0,gp,ucb,one_hot,mutation
0,4,MQYKLILNGKTLKGETTTEAVDAATAEKVFKQYANDNGVDVEWTYDDATKTFTKTELEVLFQGPLDPNSMATYEVLCEVARMLGTDDREVVLFLLNVFIPQPTLAQLIGALRALKEEGRLTFPLLAECLFRAGRRDLLRDLLHLDPRFLERHLAGTMSYFSPYQLTVLHVDGELCARDIRSLIFLSKDTIGSRSTPQTMLHWVYCMENLDLLGPTDVDALMSMLRSLSRVDLQRQVQTLMGLHLSGPSHSQHYRHTPLEHHHHSH,0,gp,ucb,one_hot,mutation
0,4,MQYKLILNGKTLKGETTTEAVDAATAEKVFKQYANDNGVDVEWTYDDATKTFTKTELEVLFQGPLDPNSMATYEVLCEVARKLGTDDREVVLFLLNVFIPQPTLAQLIGALRALKEEGRLTFPLLAECLFRAGRRDLLRDLLHLDPRFLERHLAGTRSYFSPYQLTVLHVDGELCARDIRSLIFLSKDTIGSRSTPQTMLHWVYCMENLDLLGPTDVDALMSMLRSLSRVDLQRQVQTLMGLHLSGPSHSQHYRHTPLEHHHHSH,0,gp,ucb,one_hot,mutation
0,4,MQYKLILNGKKLKGETTTEAVDAATAEKVFKQYANDNGVDVEWTYDDATKTFTKTEYEVLFQGPLDPNSIATYEVLCEVARKLGTDDREVVLFLLNVFIPQPTLAQLIGALRALKEEGRLTFPLLAECLFRAGRRDLLRDLLHLDPRFLERHLAGTMSYFSPYQLTVLHVDGELCARDIRSLIFLSKDTIGSRSTPQTFLHWVYCMENLDLLGPTDVDALMSMLRSLSRVDLQRQVQTLMGLHLSGPSHSQHYRHTPLEHHHHHH,0,gp,ucb,one_hot,mutation
0,5,MQYKLILNGKKLKGETTTEAVDAATAEKVFKQYANDNGVDVEWTYDDATKTFTKTEYEVLFQGPLDPNSIATYEVLCEVARKLGTDDREVVLFLLNVFIPQPTLAQLIGALRALKEEGRLTFPLLAECLFRAGRRDLLRDLLHLDPRFLERHLAGTMSYFSPYQLTVLHVDGELCARDIRSLIFLSKDTIGSRSRPQTFLHWVYCMENLDLLGPTDVDALMSMLRSLSRVDLQRQVQTLMGLHLSGPSHSQHYRHTPLEHHHHHH,0,gp,ucb,one_hot,mutation
0,5,MQRKLILNGKKLKGETTTEAVDAATAEKVFKQYANDNGVDVEWTYDDATKTFTKTEYEVLFQGPLDPNSIATYEVLCEVARKLGTDDREVVLFLLNVFIPQPTLAQLIGALRALKEEGRLTFPLLAECLFRAGRRDLLRDLLHLDPRFLERHLAGTMSYFSPYQLTVLHVDGELCARDIRSLIFLSKDTIGSRSTPQTFLHWVYCMENLDLLGPTDVDALMSMLRSLSRVDLQRQVQTLMGLHLSGPSHSQHYRHTPLEHHHHHH,0,gp,ucb,one_hot,mutation
0,5,MQYKLILNGKKLKGETTTEAVDAATAEKVFKQYANDNGVDVEWTYDDATKTFTKTEYEVLFQGPLDPVSIATYEVLCEVARKLGTDDREVVLFLLNVFIPQPTLAQLIGALRALKEEGRLTFPLLAECLFRAGRRDLLRDLLHLDPRFLERHLAGTMSYFSPYQLTVLHVDGELCARDIRSLIFLSKDTIGSRSTPQTFLHWVYCMENLDLLGPTDVDALMSMLRSLSRVDLQRQVQTLMGLHLSGPSHSQHYRHTPLEHHHHHH,0,gp,ucb,one_hot,mutation
0,5,MQYKLILNGKKLKGETTTEAVDAATAEKVFKQYANDNGVDVEWTYDDATKTFTKTEYEVLFQGPLDPNSIATYEVLCEVARKLGTDDREVVLFLLNVFIPQPTLAQLIGALRALKEEGRLTFPLLAECLFRAGRRDLLRDLLHLDPRFLERHLAGTMSYFSPYQLTVLHVDGELCARDIRSLIFLSKDTIGSRSTPQTFLHWVYCMENLDLLGPTDVFALMSMLRSLSRVDLQRQVQTLMGLHLSGPSHSQHYRHTPLEHHHHHH,0,gp,ucb,one_hot,mutation
0,5,MQYKLILNGKKLKGETTTEAVDAATAEKVFKQYANDNGVDWEWTYDDATKTFTKTEYEVLFQGPLDPNSIATYEVLCEVARKLGTDDREVVLFLLNVFIPQPTLAQLIGALRALKEEGRLTFPLLAECLFRAGRRDLLRDLLHLDPRFLERHLAGTMSYFSPYQLTVLHVDGELCARDIRSLIFLSKDTIGSRSTPQTFLHWVYCMENLDLLGPTDVDALMSMLRSLSRVDLQRQVQTLMGLHLSGPSHSQHYRHTPLEHHHHHH,0,gp,ucb,one_hot,mutation
0,6,MQYKLILNGKTLKGETTTEAVDAATAEKVFKQYANDNGVDVEWTYDDATKTFTKTELEVLFQGPLDPNSMATYEVLCEVARKLGTDDREVVLFLLNVFIPQPTLAQLIGALRALKEEGRLTFPLLAECLFRAGRRDLLRDLLHLDPRFLERHLAGTMSYFSPYQLTVLHVDGELCARDIRSLIFLSKDTIHSRSTPQTMLHWVYCMENLDLLGPTDVDALMSMLRSLSRVDLQRQVQTLMGLHLSGPSHSQHYRFTPLEHHHHSH,0,gp,ucb,one_hot,mutation
0,6,MQYKLILNGKTLKGETTTEAVDAATAEKVFKQYANDNGVDVEWTYDDATKTFTKTELEVLFQGPLDPNSMATYEDLCEVARKLGTDDREVVLFLLNVFIPQPTLAQSIGALRALKEEGRLTFPLLAECLFRAGRRDLLRDLLHLDPRFLERHLAGTMSYFSPYQLTVLHVDGELCARDIRSLIFLSKDTIGSRSTPQTMLHWVYCMENLDLLGPTDVDALMSMLRSLSRVDLQRQVQTLMGLHLSGPSHSQHYRHTPLEHHHHSH,0,gp,ucb,one_hot,mutation
0,6,MQYKLILNGKTLKGETTTEAVDAATAEKVFKQYANDNGVDVEWTYDDATKTFTKTELEVLFQGPLDPNSMATYEVLCEVARMLGTDDREVVLFLLNVFIPQPTLAQLIGALRALKEEGRLTFPLLAECLFRAGRRDLLRDLLHLDPRFLERHLAGTMSYFSPYQLTVLHVDGELCARDIRSLIFLSKDTIGSRSTHQTMLHWVYCMENLDLLGPTDVDALMSMLRSLSRVDLQRQVQTLMGLHLSGPSHSQHYRHTPLEHHHHSH,0,gp,ucb,one_hot,mutation
0,6,MQYKLILNGKTLKGETTTEAVDAATAEKVFKQYANDNGVDVEWTYDDATKTFTKTELEVLFQGPLDPNSMATYEVLCEVARKLGTDDREVVLFLLNVFIPQPALAQLIGALRALKEEGRLTFPLLAECLFRAGRRDLLRDLLHLDPRFLERHLAGTMSYFSPYQLTVLHVDGELCARDIRSLIFLSKDTIHSRSTPQTMLHWVYCMENLDLLGPTDVDALMSMLRSLSRVDLQRQVQTLMGLHLSGPSHSQHYRHTPLEHHHHSH,0,gp,ucb,one_hot,mutation
0,6,MQYKLILNGKTLKGETTTEAVDAATAEKVFKQYANDNGVDVEWTYDDATKTFTKTELEVLFQGPLDPNSMATYEVLCEVARKLGTDDREVVLFLLNVFIPQPTLAQLIGALRALKEEGRLTFPLLAECLFRAGRRDLLGDLLHLDPRFLERHLAGTRSYFSPYQLTVLHVDGELCARDIRSLIFLSKDTIGSRSTPQTMLHWVYCMENLDLLGPTDVDALMSMLRSLSRVDLQRQVQTLMGLHLSGPSHSQHYRHTPLEHHHHSH,0,gp,ucb,one_hot,mutation
0,7,MQYKLILNGKTLKGETTTEAVDAATAEKVFKQYANDNGVDVEWTYDDATKTFTKTELEVLFQGPLDPNSMATYEVLCEVARMLGTDDREVVLFLLNVFIPQPTLAQLIGALRALKEEGRLTFPLLAECLFRASRRDLLRDLLHLDPRFLERHLAGTMSYFSPYQLTVLHVDGELCARDIRSLIFLSKDTIGSRSTHQTMLHWVYCMENLDLLGPTDVDALMSMLRSLSRVDLQRQVQTLMGLHLSGPSHSQHYRHTPLEHHHHSH,0,gp,ucb,one_hot,mutation
0,7,MQYKLILNGKTLKGETTTEAVDAATAEKVFKQYANDNGVDVEWTYDDATKTFTKTELEILFQGPLDPNSMATYEVLCEVARMLGTDDREVVLFLLNVFIPQPTLAQLIGALRALKEEGRLTFPLLAECLFRAGRRDLLRDLLHLDPRFLERHLAGTMSYFSPYQLTVLHVDGELCARDIRSLIFLSKDTIGSRSTHQTMLHWVYCMENLDLLGPTDVDALMSMLRSLSRVDLQRQVQTLMGLHLSGPSHSQHYRHTPLEHHHHSH,0,gp,ucb,one_hot,mutation
0,7,MQYKLILNGKTLKGETTTEAVDAATAEKVFKQYANDNGVDVEWTYDDATKTFTKTELEVLFQGPLDPNSMATYEVLCEVARMLGTDDREVVLFLLNVFIPQPTLAQLIGALRALKEEGRMTFPLLAECLFRAGRRDLLRDLLHLDPRFLERHLAGTMSYFSPYQLTVLHVDGELCARDIRSLIFLSKDTIGSRSTHQTMLHWVYCMENLDLLGPTDVDALMSMLRSLSRVDLQRQVQTLMGLHLSGPSHSQHYRHTPLEHHHHSH,0,gp,ucb,one_hot,mutation
0,7,MQYKLILNGKTLKGETTTEAVDAATAEKVFKQYANDNGVDVEWTYDDATKTFTKTELEVLFQGPLDPNSMATYEDLCEVARKLGTDDREVVLFLLNVFIPQPTHAQSIGALRALKEEGRLTFPLLAECLFRAGRRDLLRDLLHLDPRFLERHLAGTMSYFSPYQLTVLHVDGELCARDIRSLIFLSKDTIGSRSTPQTMLHWVYCMENLDLLGPTDVDALMSMLRSLSRVDLQRQVQTLMGLHLSGPSHSQHYRHTPLEHHHHSH,0,gp,ucb,one_hot,mutation
0,7,MQYKLILNGKTLKGETTTEAVDAATAEKVFKQYANDNGVDVEWTYDDATKTFTKTELEVLFQGPLDPNSMATYEDLCEVARKLGTDDREVVLFLLNVFIPEPTLAQSIGALRALKEEGRLTFPLLAECLFRAGRRDLLRDLLHLDPRFLERHLAGTMSYFSPYQLTVLHVDGELCARDIRSLIFLSKDTIGSRSTPQTMLHWVYCMENLDLLGPTDVDALMSMLRSLSRVDLQRQVQTLMGLHLSGPSHSQHYRHTPLEHHHHSH,0,gp,ucb,one_hot,mutation
0,8,MQYKLILNGKTLKGETTTEAVDAATAEKVFKQYANDNGVDVEWTYDDATKTFTKTELEVLFQGPLDPNSMATYEDLCEVARKLGTDDREVVLFLLNVFIPEPTLAQSIGALRALKEEGRLTFPLLAECLFRAGRRDLLRDLLHLDPRFLERHLAGTMSYFSPYQLTVLHVDGELCARDIRSLIFLSKDTIGSRSTPQTMLHWVYCMENLDLLGPTDVDALMSMLRSLSRVDLQRQVQTLMGLHLSGPSHSQHYRHTPLEHHHNSH,0,gp,ucb,one_hot,mutation
0,8,MQYKLILNGKTLKGETTTEAVDAATAEKVFKQYANDNGVDVEWTYDDATKTFTKTELEVLFQGPLDPNSMATYEDLCEVARKLGTDDREVVLFLLNVFIPQPTHAQSIGALRALKEEGRLTFPLLAECLFRAGRRDLLRDLLHLDWRFLERHLAGTMSYFSPYQLTVLHVDGELCARDIRSLIFLSKDTIGSRSTPQTMLHWVYCMENLDLLGPTDVDALMSMLRSLSRVDLQRQVQTLMGLHLSGPSHSQHYRHTPLEHHHHSH,0,gp,ucb,one_hot,mutation
0,8,MGYKLILNGKTLKGETTTEAVDAATAEKVFKQYANDNGVDVEWTYDDATKTFTKTELEVLFQGPLDPNSMATYEDLCEVARKLGTDDREVVLFLLNVFIPEPTLAQSIGALRALKEEGRLTFPLLAECLFRAGRRDLLRDLLHLDPRFLERHLAGTMSYFSPYQLTVLHVDGELCARDIRSLIFLSKDTIGSRSTPQTMLHWVYCMENLDLLGPTDVDALMSMLRSLSRVDLQRQVQTLMGLHLSGPSHSQHYRHTPLEHHHHSH,0,gp,ucb,one_hot,mutation
0,8,MQYKLILNGKTLKGETTTEAVDAATAEKVFKQYANDNGVDVEWTYDDATKTFTKTELEVLFQGPLDPNSMATYEDLCEVARKLGTDDREVVLFLLNVFIPEPTLAQSKGALRALKEEGRLTFPLLAECLFRAGRRDLLRDLLHLDPRFLERHLAGTMSYFSPYQLTVLHVDGELCARDIRSLIFLSKDTIGSRSTPQTMLHWVYCMENLDLLGPTDVDALMSMLRSLSRVDLQRQVQTLMGLHLSGPSHSQHYRHTPLEHHHHSH,0,gp,ucb,one_hot,mutation
0,8,MQYKLILNGKTLKGETTTEAVDAATAEKVFKQYANDNGVDVEWTYDDATKTFTKTELEVLFQGPLDPNSMATYEDLCEVARKLGTDDREVVLFLLNVFIPEPTLAQSIGALRALKEEGRLTFPLLAECLFRAGRRDLLRDLLHLDPRFLERHLGGTMSYFSPYQLTVLHVDGELCARDIRSLIFLSKDTIGSRSTPQTMLHWVYCMENLDLLGPTDVDALMSMLRSLSRVDLQRQVQTLMGLHLSGPSHSQHYRHTPLEHHHHSH,0,gp,ucb,one_hot,mutation
0,9,MQYKLILNGKTLKGETTTEAVDAAHAEKVFKQYANDNGVDVEWTYDDATKTFTKTELEVLFQGPLDPNSMATYEDLCEVARKLGTDDREVVLFLLNVFIPQPTHAQSIGALRALKEEGRLTFPLLAECLFRAGRRDLLRDLLHLDWRFLERHLAGTMSYFSPYQLTVLHVDGELCARDIRSLIFLSKDTIGSRSTPQTMLHWVYCMENLDLLGPTDVDALMSMLRSLSRVDLQRQVQTLMGLHLSGPSHSQHYRHTPLEHHHHSH,0,gp,ucb,one_hot,mutation
0,9,MQYKLILNGKTLKGYTTTEAVDAATAEKVFKQYANDNGVDVEWTYDDATKTFTKTELEVLFQGPLDPNSMATYEDLCEVARKLGTDDREVVLFLLNVFIPQPTHAQSIGALRALKEEGRLTFPLLAECLFRAGRRDLLRDLLHLDWRFLERHLAGTMSYFSPYQLTVLHVDGELCARDIRSLIFLSKDTIGSRSTPQTMLHWVYCMENLDLLGPTDVDALMSMLRSLSRVDLQRQVQTLMGLHLSGPSHSQHYRHTPLEHHHHSH,0,gp,ucb,one_hot,mutation
0,9,MQYKLILNGKTLKGETTTEAVDAATAEKVFKQYANDNGVDVEWTYDDATKTFTKTELEVLFQGPLDPNSMATYEDLCEVARKLGTDDREVVLFLLNVFIPQPTHAQSIGALRALKEEGRLTFPLLAECLFRAGRRDLLRDLLHLDWRFLERHLAGTMSYFSPYQLTVLHVDGELCARDIRSLIFLSKDTIGSRSTPQTMLHIVYCMENLDLLGPTDVDALMSMLRSLSRVDLQRQVQTLMGLHLSGPSHSQHYRHTPLEHHHHSH,0,gp,ucb,one_hot,mutation
0,9,MQYKLILNGKTLKGETTTEAVDAATAEKVFKQYANDNGVDVEWTYDDATKTFTKTELEVLFQGPLDPNSMATYEVLEEVARKLGTDDREVVLFLLNVFIPQPTLAQLIGALRALKEEGRLTFPLLAECLFRAGRRDLLGDLLHLDPRFLERHLAGTRSYFSPYQLTVLHVDGELCARDIRSLIFLSKDTIGSRSTPQTMLHWVYCMENLDLLGPTDVDALMSMLRSLSRVDLQRQVQTLMGLHLSGPSHSQHYRHTPLEHHHHSH,0,gp,ucb,one_hot,mutation
0,9,MQYKLILNGKTLKGETTTEAVDAATAEKVFKQYANDNGVDVEWTYDDATKTFTKTELEVLFQGPLDPNSMATYEVLCEVARMLGTDDREVVLFLLNVFIPQPTLAQLIGALRALKEEGRMTFPLLAECLFRAGRRDLLRDLLHLDPRFLERHLAGTMSYFSPYQLTVLHVDGELCARDIRSFIFLSKDTIGSRSTHQTMLHWVYCMENLDLLGPTDVDALMSMLRSLSRVDLQRQVQTLMGLHLSGPSHSQHYRHTPLEHHHHSH,0,gp,ucb,one_hot,mutation
0,10,MQYKLILNGKTLKGETTTEAVDAATAEKVFKQYANDNGVDVEWTYDDATKTFTKTELEVLFQGPLDPNSMATYEVLEEVARKLGTDDREVVLFLLNVFIPQPTLAQLIGALRALKEEGRLTFPLLAECLFRAGRRDLLGDLLHLDPRFLERHLAGTRSYFSPYQLTVLHVDGELCARDIRSLIFLSKDTIGSRSTPQTMLHWVYCMENLDLLGPTDVDALMSMLRSLSRVDLQGQVQTLMGLHLSGPSHSQHYRHTPLEHHHHSH,0,gp,ucb,one_hot,mutation
0,10,MQYKYILNGKTLKGETTTEAVDAATAEKVFKQYANDNGVDVEWTYDDATKTFTKTELEVLFQGPLDPNSMATYEVLEEVARKLGTDDREVVLFLLNVFIPQPTLAQLIGALRALKEEGRLTFPLLAECLFRAGRRDLLGDLLHLDPRFLERHLAGTRSYFSPYQLTVLHVDGELCARDIRSLIFLSKDTIGSRSTPQTMLHWVYCMENLDLLGPTDVDALMSMLRSLSRVDLQRQVQTLMGLHLSGPSHSQHYRHTPLEHHHHSH,0,gp,ucb,one_hot,mutation
0,10,MQYKLILNGKTLKGETTTEAVDAATAEKVFKQYANDNGVDVEWTYDDATKTFTKTELEVLFQGPLDPNSMATYEVLEEVARKLGTDDREVVLFLLNVFIPQPTLAQLIGALRALKEEGRLTFPLLAECLFRAGRRDLLGDLLHLDPRFLERHLAGTRSYFSPYQLTVLHVDGELCARDIRSLIFLSKDTIGSRSTPQTMLHWVYCMEMLDLLGPTDVDALMSMLRSLSRVDLQRQVQTLMGLHLSGPSHSQHYRHTPLEHHHHSH,0,gp,ucb,one_hot,mutation
0,10,MQYKLILNGKTLKGETTTEAVDAATAEKVFKQYANDNGVDVEWTYDDATKTFTKTELEVLFQGPLDPNSMATYEVLCEVARMLGTDDREVVLFLLNVFIPQPTLAQLIQALRALKEEGRMTFPLLAECLFRAGRRDLLRDLLHLDPRFLERHLAGTMSYFSPYQLTVLHVDGELCARDIRSFIFLSKDTIGSRSTHQTMLHWVYCMENLDLLGPTDVDALMSMLRSLSRVDLQRQVQTLMGLHLSGPSHSQHYRHTPLEHHHHSH,0,gp,ucb,one_hot,mutation
0,10,RQYKLILNGKTLKGETTTEAVDAATAEKVFKQYANDNGVDVEWTYDDATKTFTKTELEVLFQGPLDPNSMATYEVLCEVARMLGTDDREVVLFLLNVFIPQPTLAQLIGALRALKEEGRMTFPLLAECLFRAGRRDLLRDLLHLDPRFLERHLAGTMSYFSPYQLTVLHVDGELCARDIRSFIFLSKDTIGSRSTHQTMLHWVYCMENLDLLGPTDVDALMSMLRSLSRVDLQRQVQTLMGLHLSGPSHSQHYRHTPLEHHHHSH,0,gp,ucb,one_hot,mutation
0,11,RQYKLILNGKTLKGETTTEAVDAATAEKVFKQYANDNGVDVEWTYDDATKTFTKTELEVLFQGPLDPNSMATYEVLCEVARMLGTDDREVVLFLLNVFIPQPTLAQLIGALRALKEEGRMTFPLLAECLFRAGRRDLLRDLLHLDPRFLERCLAGTMSYFSPYQLTVLHVDGELCARDIRSFIFLSKDTIGSRSTHQTMLHWVYCMENLDLLGPTDVDALMSMLRSLSRVDLQRQVQTLMGLHLSGPSHSQHYRHTPLEHHHHSH,0,gp,ucb,one_hot,mutation
0,11,RQYKLIVNGKTLKGETTTEAVDAATAEKVFKQYANDNGVDVEWTYDDATKTFTKTELEVLFQGPLDPNSMATYEVLCEVARMLGTDDREVVLFLLNVFIPQPTLAQLIGALRALKEEGRMTFPLLAECLFRAGRRDLLRDLLHLDPRFLERHLAGTMSYFSPYQLTVLHVDGELCARDIRSFIFLSKDTIGSRSTHQTMLHWVYCMENLDLLGPTDVDALMSMLRSLSRVDLQRQVQTLMGLHLSGPSHSQHYRHTPLEHHHHSH,0,gp,ucb,one_hot,mutation
0,11,MQYKLILNGKTLKGETTTEAVDAATAEKVFKQYANDNGVDVEWTYDDATKTFTKTELEVLFQGPLDPNSMATYEVLCEVARMLQTDDREVVLFLLNVFIPQPTLAQLIQALRALKEEGRMTFPLLAECLFRAGRRDLLRDLLHLDPRFLERHLAGTMSYFSPYQLTVLHVDGELCARDIRSFIFLSKDTIGSRSTHQTMLHWVYCMENLDLLGPTDVDALMSMLRSLSRVDLQRQVQTLMGLHLSGPSHSQHYRHTPLEHHHHSH,0,gp,ucb,one_hot,mutation
0,11,MQYKLILNGKTLKGETTTEAVDADTAEKVFKQYANDNGVDVEWTYDDATKTFTKTELEVLFQGPLDPNSMATYEVLEEVARKLGTDDREVVLFLLNVFIPQPTLAQLIGALRALKEEGRLTFPLLAECLFRAGRRDLLGDLLHLDPRFLERHLAGTRSYFSPYQLTVLHVDGELCARDIRSLIFLSKDTIGSRSTPQTMLHWVYCMENLDLLGPTDVDALMSMLRSLSRVDLQGQVQTLMGLHLSGPSHSQHYRHTPLEHHHHSH,0,gp,ucb,one_hot,mutation
0,11,MQYKLILNGKTLKGETTTEAVDAATAEKVFKQYANDNGVDVEWTYDDATKTFTKTELEVLRQGPLDPNSMATYEVLEEVARKLGTDDREVVLFLLNVFIPQPTLAQLIGALRALKEEGRLTFPLLAECLFRAGRRDLLGDLLHLDPRFLERHLAGTRSYFSPYQLTVLHVDGELCARDIRSLIFLSKDTIGSRSTPQTMLHWVYCMEMLDLLGPTDVDALMSMLRSLSRVDLQRQVQTLMGLHLSGPSHSQHYRHTPLEHHHHSH,0,gp,ucb,one_hot,mutation
0,12,MQYKLILNGKTLKGETTTEAVDAATAEKVFKQYANDNGVDVEWTYDDATKTFTKTELEVLFQGPLDPNSMATYEVLCEVARMLQTDDREVVLFLLNVFIPQPTLAQLIQALRALKEEGRMTFPLLAECLFRDGRRDLLRDLLHLDPRFLERHLAGTMSYFSPYQLTVLHVDGELCARDIRSFIFLSKDTIGSRSTHQTMLHWVYCMENLDLLGPTDVDALMSMLRSLSRVDLQRQVQTLMGLHLSGPSHSQHYRHTPLEHHHHSH,0,gp,ucb,one_hot,mutation
0,12,MQYKLILNGKTLKGETTTEAVDKATAEKVFKQYANDNGVDVEWTYDDATKTFTKTELEVLRQGPLDPNSMATYEVLEEVARKLGTDDREVVLFLLNVFIPQPTLAQLIGALRALKEEGRLTFPLLAECLFRAGRRDLLGDLLHLDPRFLERHLAGTRSYFSPYQLTVLHVDGELCARDIRSLIFLSKDTIGSRSTPQTMLHWVYCMEMLDLLGPTDVDALMSMLRSLSRVDLQRQVQTLMGLHLSGPSHSQHYRHTPLEHHHHSH,0,gp,ucb,one_hot,mutation
0,12,MQYKLILNGKTLKGETTTEAVDAATAEKVFKQYANDNGVDVEWTYDDATKTFTKTELEVLFQGPLDPNSMATYEVLCEVARMLQTDDREVVLFLLNVFIPQPTLAQLIQALRALKEEGRMTFPLLAECLFRAGRRDLLRDLLHLDYRFLERHLAGTMSYFSPYQLTVLHVDGELCARDIRSFIFLSKDTIGSRSTHQTMLHWVYCMENLDLLGPTDVDALMSMLRSLSRVDLQRQVQTLMGLHLSGPSHSQHYRHTPLEHHHHSH,0,gp,ucb,one_hot,mutation
0,12,MQYKLILNGKTLKGETTTEAVDAATAEKVFKQYANDNGVDVEWTYDDATKTFTKTELEVLRQGPLDPNSMATYEVLEEVARKLGTDDREVVLFLLNVFIPQPTLAQLIGALRALKEEGRLTFPLLAECLFRAVRRDLLGDLLHLDPRFLERHLAGTRSYFSPYQLTVLHVDGELCARDIRSLIFLSKDTIGSRSTPQTMLHWVYCMEMLDLLGPTDVDALMSMLRSLSRVDLQRQVQTLMGLHLSGPSHSQHYRHTPLEHHHHSH,0,gp,ucb,one_hot,mutation
0,12,RQYKLILNGKTLKGETTTEAVDAATAEKVFKQYANDNGVDVEWTYDDATKTFTKTELEVLFQGPLDPNSMATYEVLCEVARMLGTDDREVVLFLLNVFIPQPTLAQLIGALRALKEEGRMTFPLLAECLFRAGRRDLLRDLLHLDPRFLERCLAGTMSYFSPYQLTVLHVDGELCARDIRSFIFLSKDTIGSRSTHQTMLHWVYCMENLDLLGPTDVDALMSMLRSLSRVDLQRQVQTLMGLHLMGPSHSQHYRHTPLEHHHHSH,0,gp,ucb,one_hot,mutation
0,13,RQYKLILNEKTLKGETTTEAVDAATAEKVFKQYANDNGVDVEWTYDDATKTFTKTELEVLFQGPLDPNSMATYEVLCEVARMLGTDDREVVLFLLNVFIPQPTLAQLIGALRALKEEGRMTFPLLAECLFRAGRRDLLRDLLHLDPRFLERCLAGTMSYFSPYQLTVLHVDGELCARDIRSFIFLSKDTIGSRSTHQTMLHWVYCMENLDLLGPTDVDALMSMLRSLSRVDLQRQVQTLMGLHLMGPSHSQHYRHTPLEHHHHSH,0,gp,ucb,one_hot,mutation
0,13,RQYKLILNAKTLKGETTTEAVDAATAEKVFKQYANDNGVDVEWTYDDATKTFTKTELEVLFQGPLDPNSMATYEVLCEVARMLGTDDREVVLFLLNVFIPQPTLAQLIGALRALKEEGRMTFPLLAECLFRAGRRDLLRDLLHLDPRFLERCLAGTMSYFSPYQLTVLHVDGELCARDIRSFIFLSKDTIGSRSTHQTMLHWVYCMENLDLLGPTDVDALMSMLRSLSRVDLQRQVQTLMGLHLMGPSHSQHYRHTPLEHHHHSH,0,gp,ucb,one_hot,mutation
0,13,MQYKLILNGKTLKGETTTEAVDADTAEKVFKQYANDNGVDVEWTYDDATKTFTKTELEVLFQGPLDPNSMATYEVLEEVARKLGTDDREVVLFLLNVFIPQPTLAQLIGALRALKEEGRLTFPLLAECLFRAGRRDLLGDLLHLDPRFLERHLAGTRSYFSPYQLTVLHVDGELCARDIRSLIFLSKDTIGSRSTPQTMLHWVYCMENLDLLGPTDVDALMSMLRSLSHVDLQGQVQTLMGLHLSGPSHSQHYRHTPLEHHHHSH,0,gp,ucb,one_hot,mutation
0,13,MQYKLILNGKTLKGETTTEAVDADTAEKVFKQYANDNGVDVEWTYDDATKTFTKTELEVLFQGPLDPNSMATYEVLEEVARKLGTDDREVVLFLLNVFIPQPTLAQLIGALRALKEEGRLTFPLLAECLFRAGRRDLLGDLLHLDPRFLERHLAGTRSYFSPYQLTVLHVDGELCARDIRSLIFLSKDTIGSRSTPQTMLHWVYWMENLDLLGPTDVDALMSMLRSLSRVDLQGQVQTLMGLHLSGPSHSQHYRHTPLEHHHHSH,0,gp,ucb,one_hot,mutation
0,13,MQYKLILNGKTLKGETTTEAVDAATAEKVFKQYANDNGVDVEWTYDDATKTFTKTELEVLFQGPLDPNSMATYEVLCEVARMLQTDDREVVLFLLNVFIPQPTLAQLIQALRALKEEGRMTFPLLAECLFRDGRRDLLRDLLHLDPRFLERHLAGTMSYFSPYQLTVLHVDGELCARDIRSFIFLSKDTIGSRSTHQTMLHWVYCMENLDLLGPTDVDALMSMLRSLSRVDLQRQVQTLMGLHLSGPSHSQEYRHTPLEHHHHSH,0,gp,ucb,one_hot,mutation
0,14,MQYKLILNGKTLKGETTTEAVDAATAEKVFKQYANQNGVDVEWTYDDATKTFTKTELEVLFQGPLDPNSMATYEVLCEVARMLQTDDREVVLFLLNVFIPQPTLAQLIQALRALKEEGRMTFPLLAECLFRDGRRDLLRDLLHLDPRFLERHLAGTMSYFSPYQLTVLHVDGELCARDIRSFIFLSKDTIGSRSTHQTMLHWVYCMENLDLLGPTDVDALMSMLRSLSRVDLQRQVQTLMGLHLSGPSHSQEYRHTPLEHHHHSH,0,gp,ucb,one_hot,mutation
0,14,MQYKLILNGKTLKGETTTEAVDAATAEKVFKQYANDNGVDVEWTYDDATKTFTKTELEVLFQGPLDPNHMATYEVLCEVARMLQTDDREVVLFLLNVFIPQPTLAQLIQALRALKEEGRMTFPLLAECLFRDGRRDLLRDLLHLDPRFLERHLAGTMSYFSPYQLTVLHVDGELCARDIRSFIFLSKDTIGSRSTHQTMLHWVYCMENLDLLGPTDVDALMSMLRSLSRVDLQRQVQTLMGLHLSGPSHSQEYRHTPLEHHHHSH,0,gp,ucb,one_hot,mutation
0,14,MQYKLILNGKTLKGETTTEAVDAATAEKVFKQYANDNGVDVEWTYDDATKTFTKTELEVLFQGPLDPNSMATYEVLCEVARMLQTDDREVVLFLLNVFIPQPTLAQLIQALRALKEEGRMTFPLLAECLFRDGRRDLLRDLLHLDPRFLERHLAGTMSYFSPYQLTVLHVDGELCAFDIRSFIFLSKDTIGSRSTHQTMLHWVYCMENLDLLGPTDVDALMSMLRSLSRVDLQRQVQTLMGLHLSGPSHSQEYRHTPLEHHHHSH,0,gp,ucb,one_hot,mutation
0,14,MQYKLILNGKTLKGETTTEAVDKATAEKVFKQYANDNGVDVEWTYDDATKTFTKTELEVLRQGPLDPNSMATYEVLEEVARKLGTDDREVVLFPLNVFIPQPTLAQLIGALRALKEEGRLTFPLLAECLFRAGRRDLLGDLLHLDPRFLERHLAGTRSYFSPYQLTVLHVDGELCARDIRSLIFLSKDTIGSRSTPQTMLHWVYCMEMLDLLGPTDVDALMSMLRSLSRVDLQRQVQTLMGLHLSGPSHSQHYRHTPLEHHHHSH,0,gp,ucb,one_hot,mutation
0,14,MQYKLILNGKTLKGETTTEAVDADTAEKVFKQYANDNGVDVEWTYDDATKTFTTTELEVLFQGPLDPNSMATYEVLEEVARKLGTDDREVVLFLLNVFIPQPTLAQLIGALRALKEEGRLTFPLLAECLFRAGRRDLLGDLLHLDPRFLERHLAGTRSYFSPYQLTVLHVDGELCARDIRSLIFLSKDTIGSRSTPQTMLHWVYCMENLDLLGPTDVDALMSMLRSLSHVDLQGQVQTLMGLHLSGPSHSQHYRHTPLEHHHHSH,0,gp,ucb,one_hot,mutation
0,15,MQYKLILNGKTLKGETTTEAVDAATAEKVFKQYANDNGVDVEWTYDDATKTFTKTELEVDFQGPLDPNHMATYEVLCEVARMLQTDDREVVLFLLNVFIPQPTLAQLIQALRALKEEGRMTFPLLAECLFRDGRRDLLRDLLHLDPRFLERHLAGTMSYFSPYQLTVLHVDGELCARDIRSFIFLSKDTIGSRSTHQTMLHWVYCMENLDLLGPTDVDALMSMLRSLSRVDLQRQVQTLMGLHLSGPSHSQEYRHTPLEHHHHSH,0,gp,ucb,one_hot,mutation
0,15,MQYKLILNGKTLKGETTTEAVDAATAEKVFKQYANDNGVDVEWTYDDATKTFTKTELEVLFQGPLDPNHMATYEVLCEVARMLQTDDREVVLFLLNVFIPQPTLAQLIQALRALKEEGRMTFPLLAECLFRDGRRDLLRDLLHLDPRFLERHLAGTMSYFSPYQLTVLHLDGELCARDIRSFIFLSKDTIGSRSTHQTMLHWVYCMENLDLLGPTDVDALMSMLRSLSRVDLQRQVQTLMGLHLSGPSHSQEYRHTPLEHHHHSH,0,gp,ucb,one_hot,mutation
0,15,MQYKLILNGKTLKGETTTEAVDAATAEKVFKQYANDNGVDVEWTYDDATKTFTKTELEVLFQGPLDPNHMATYEVLCEVARMLQTDDREVVLFLLNVFIPQPTLAQLIQALRALKEEGRMTFPLLAECLFRDGRRDLLRDLLHLDPRFLERHLAGTMNYFSPYQLTVLHVDGELCARDIRSFIFLSKDTIGSRSTHQTMLHWVYCMENLDLLGPTDVDALMSMLRSLSRVDLQRQVQTLMGLHLSGPSHSQEYRHTPLEHHHHSH,0,gp,ucb,one_hot,mutation
0,15,MQYKLILNGKTLKGETTTEAVDAATAEKVFKQYANDNGVDVEWTYDDATKTFTKTELEVLFQGPLDPNSMATYEVLCEVARMLQTDDREVVLFLLNVFIPQPTLASLIQALRALKEEGRMTFPLLAECLFRDGRRDLLRDLLHLDPRFLERHLAGTMSYFSPYQLTVLHVDGELCAFDIRSFIFLSKDTIGSRSTHQTMLHWVYCMENLDLLGPTDVDALMSMLRSLSRVDLQRQVQTLMGLHLSGPSHSQEYRHTPLEHHHHSH,0,gp,ucb,one_hot,mutation
0,15,MQYKLILNGKTLKGETTTEAVDAATAEKVFKQYANDNGVDVEWTYDDATKTFTKTELEVLFQGPLDPNHMATYEVLCEVARMLQTDDREVVLFLLNVFIPQPTLAQLIQALRALKEEGRMTFPLLAECLFRDGRRDLLRDLLHLDPRFLERHLAGTMSYFSPYQLTVLHVDGELCARDIRSFIFLSKDTIGSRSTHQTMLHWVYCMENLDLLGPTDVDALMSMLRSLSRVDLQRQVQTLMGLHLSGPSHSYEYRHTPLEHHHHSH,0,gp,ucb,one_hot,mutation
0,16,MQYKLILNGKTLKGETTTEAVDKATAEKVFKQYANDNGVDVEWTYHDATKTFTKTELEVLRQGPLDPNSMATYEVLEEVARKLGTDDREVVLFPLNVFIPQPTLAQLIGALRALKEEGRLTFPLLAECLFRAGRRDLLGDLLHLDPRFLERHLAGTRSYFSPYQLTVLHVDGELCARDIRSLIFLSKDTIGSRSTPQTMLHWVYCMEMLDLLGPTDVDALMSMLRSLSRVDLQRQVQTLMGLHLSGPSHSQHYRHTPLEHHHHSH,0,gp,ucb,one_hot,mutation
0,16,MQYKLILNGKTLKGETTTEAVDADTAEKVFKQYANDNGVDVEWTYDDPTKTFTTTELEVLFQGPLDPNSMATYEVLEEVARKLGTDDREVVLFLLNVFIPQPTLAQLIGALRALKEEGRLTFPLLAECLFRAGRRDLLGDLLHLDPRFLERHLAGTRSYFSPYQLTVLHVDGELCARDIRSLIFLSKDTIGSRSTPQTMLHWVYCMENLDLLGPTDVDALMSMLRSLSHVDLQGQVQTLMGLHLSGPSHSQHYRHTPLEHHHHSH,0,gp,ucb,one_hot,mutation
0,16,MQYKLILNGKTLKGETTTEAVDADTAEKVFKQYANDNGVDVEWTYDDATKTFTTTELEVLFQGPLDPNSMATYEVLEEVARKLGTDDREVVLFDLNVFIPQPTLAQLIGALRALKEEGRLTFPLLAECLFRAGRRDLLGDLLHLDPRFLERHLAGTRSYFSPYQLTVLHVDGELCARDIRSLIFLSKDTIGSRSTPQTMLHWVYCMENLDLLGPTDVDALMSMLRSLSHVDLQGQVQTLMGLHLSGPSHSQHYRHTPLEHHHHSH,0,gp,ucb,one_hot,mutation
0,16,MQYKLILNGKTLKGETTTEAVDAATAEKVFKQYANDNGVDVEWTYDDATKTFTPTELEVLFQGPLDPNSMATYEVLCEVARMLQTDDREVVLFLLNVFIPQPTLASLIQALRALKEEGRMTFPLLAECLFRDGRRDLLRDLLHLDPRFLERHLAGTMSYFSPYQLTVLHVDGELCAFDIRSFIFLSKDTIGSRSTHQTMLHWVYCMENLDLLGPTDVDALMSMLRSLSRVDLQRQVQTLMGLHLSGPSHSQEYRHTPLEHHHHSH,0,gp,ucb,one_hot,mutation
0,16,MQYKLILFGKTLKGETTTEAVDADTAEKVFKQYANDNGVDVEWTYDDATKTFTKTELEVLFQGPLDPNSMATYEVLEEVARKLGTDDREVVLFLLNVFIPQPTLAQLIGALRALKEEGRLTFPLLAECLFRAGRRDLLGDLLHLDPRFLERHLAGTRSYFSPYQLTVLHVDGELCARDIRSLIFLSKDTIGSRSTPQTMLHWVYWMENLDLLGPTDVDALMSMLRSLSRVDLQGQVQTLMGLHLSGPSHSQHYRHTPLEHHHHSH,0,gp,ucb,one_hot,mutation
0,17,MQYKLILNGKTLKGETTTEAVDKATAEKVFKQYANDNGVDVEWTYHRATKTFTKTELEVLRQGPLDPNSMATYEVLEEVARKLGTDDREVVLFPLNVFIPQPTLAQLIGALRALKEEGRLTFPLLAECLFRAGRRDLLGDLLHLDPRFLERHLAGTRSYFSPYQLTVLHVDGELCARDIRSLIFLSKDTIGSRSTPQTMLHWVYCMEMLDLLGPTDVDALMSMLRSLSRVDLQRQVQTLMGLHLSGPSHSQHYRHTPLEHHHHSH,0,gp,ucb,one_hot,mutation
0,17,MQYKLILNGKTLKGETTTEAVDAATAEKVFKQYANDNGVDVEWTYDDATKTFTPTELEVLFQGPLDPNSMATYEVLCEVARMLQTDDREVVLFLLNVFIPQPTLASLIQALRALKEEGRMTFPLLAECLFRDGRRDLLRDLLHLDPRFLERHLAGTMSYFSPYQLTVLHVDGELCAFDIRSFIFLSKDTIGSRSTHQTMLHWVYCMENLDLLGPTDVDYLMSMLRSLSRVDLQRQVQTLMGLHLSGPSHSQEYRHTPLEHHHHSH,0,gp,ucb,one_hot,mutation
0,17,MQYKLILNGKTLKGETTTEAVDAATAEKVFKQYANDNGVDVEWTYDDATKTFTPTELEVLFQGPLDPNSMATYEVLCEVARMLQTDDREVVLFLLNVFIPQPTLASLIQALRALKEEGRMTFPLLAECLFRDGRRDLLRDLLHLDPRFLERHLAGTMSYFSPYQLTVLHVDGELCAFDIRSFIFLSKDTIGSRSTHQTMLHWVYCMEMLDLLGPTDVDALMSMLRSLSRVDLQRQVQTLMGLHLSGPSHSQEYRHTPLEHHHHSH,0,gp,ucb,one_hot,mutation
0,17,MQYKLILNGKTLKGETTTEAVDADTAEKVFKQYANDNGVDVEATYDDATKTFTTTELEVLFQGPLDPNSMATYEVLEEVARKLGTDDREVVLFDLNVFIPQPTLAQLIGALRALKEEGRLTFPLLAECLFRAGRRDLLGDLLHLDPRFLERHLAGTRSYFSPYQLTVLHVDGELCARDIRSLIFLSKDTIGSRSTPQTMLHWVYCMENLDLLGPTDVDALMSMLRSLSHVDLQGQVQTLMGLHLSGPSHSQHYRHTPLEHHHHSH,0,gp,ucb,one_hot,mutation
0,17,RQYKLILNAKTLKGETTTEAVDAATAEKVFKQYANDNGVDVEWTYDDATKTFTKTELEVLFQGPLTPNSMATYEVLCEVARMLGTDDREVVLFLLNVFIPQPTLAQLIGALRALKEEGRMTFPLLAECLFRAGRRDLLRDLLHLDPRFLERCLAGTMSYFSPYQLTVLHVDGELCARDIRSFIFLSKDTIGSRSTHQTMLHWVYCMENLDLLGPTDVDALMSMLRSLSRVDLQRQVQTLMGLHLMGPSHSQHYRHTPLEHHHHSH,0,gp,ucb,one_hot,mutation
0,18,MQYKLILFGKTLKGETTTEAVDADTAEKVFKQYANDNGVDVEWTYDDATKTFTKTELEVLFQGPLDPNSMATYEVLEEVARKLGTDDREVVLFLLNVFIPQPTLAQLIGALRALKEEGRLTFPLLAECLFRAGRRDLLGDLLHLDPRFLERHLAGTRSYFSPYQLTVLHVDGELCARDIRSLIFLSKDTIGSRSTPQTMLHTVYWMENLDLLGPTDVDALMSMLRSLSRVDLQGQVQTLMGLHLSGPSHSQHYRHTPLEHHHHSH,0,gp,ucb,one_hot,mutation
0,18,MQYKLILNGKTLKGETTMEAVDAATAEKVFKQYANDNGVDVEWTYDDATKTFTPTELEVLFQGPLDPNSMATYEVLCEVARMLQTDDREVVLFLLNVFIPQPTLASLIQALRALKEEGRMTFPLLAECLFRDGRRDLLRDLLHLDPRFLERHLAGTMSYFSPYQLTVLHVDGELCAFDIRSFIFLSKDTIGSRSTHQTMLHWVYCMENLDLLGPTDVDYLMSMLRSLSRVDLQRQVQTLMGLHLSGPSHSQEYRHTPLEHHHHSH,0,gp,ucb,one_hot,mutation
0,18,MQYKLILNGKTLKGETTTEAVDAATAEKVFKQYANDNGVDVEWTYDDATKRFTPTELEVLFQGPLDPNSMATYEVLCEVARMLQTDDREVVLFLLNVFIPQPTLASLIQALRALKEEGRMTFPLLAECLFRDGRRDLLRDLLHLDPRFLERHLAGTMSYFSPYQLTVLHVDGELCAFDIRSFIFLSKDTIGSRSTHQTMLHWVYCMENLDLLGPTDVDYLMSMLRSLSRVDLQRQVQTLMGLHLSGPSHSQEYRHTPLEHHHHSH,0,gp,ucb,one_hot,mutation
0,18,MQYKLILNGKTLKGETTTEAVDAATAEKVFKQYANDNGVDVEWTYDDATKTFTPTELEVLFQGPLDPNSMATYEVLCEVARMLQTDDREVVLFLLNVFIPQPTLASLIQALRALKEEGRMTFPLLAECLFRDGRRDLLRDLLHLDPFFLERHLAGTMSYFSPYQLTVLHVDGELCAFDIRSFIFLSKDTIGSRSTHQTMLHWVYCMEMLDLLGPTDVDALMSMLRSLSRVDLQRQVQTLMGLHLSGPSHSQEYRHTPLEHHHHSH,0,gp,ucb,one_hot,mutation
0,18,MQYKLILNGKTLKGETTTEAVDAATAEKVFKQYANDNGVDVEWTYDDATKTFTKTELEVLFQGPLDPNSMATYEVLCEVARKLGTDDREVVLFLLNVFIPQPTLAQLIGALRALKEEGDLTFPLLAECLFRAGRRDLLRDLLHLDPRFLERHLAGTMSYFSPYQLTVLHVDGELCARDIRSLIFLSKDTIHSRSTPQTMLHWVYCMENLDLLGPTDVDALMSMLRSLSRVDLQRQVQTLMGLHLSGPSHSQHYRFTPLEHHHHSH,0,gp,ucb,one_hot,mutation
0,19,MQYKLILFGKTLKGETTTEAVDADTAEKVFKQYANDNGVDVEWTYDDATKTFTKTELEVLFQGPLDPNSMATYEVLEEVARKLGTDDREVVLFLLNVFIPQPTLAQLIGALRALKEEGRLTFPLLAECLFRAGRRDLLGDLLHLDPRFLERHLAGTRSYFSPYQLTVLHVDGELCARDIRSLIFLSKDTIGSRSTPQTMLHTVYWMENLDLLGPTDVDALMSMLRSLSRVDLQGQVQTLMHLHLSGPSHSQHYRHTPLEHHHHSH,0,gp,ucb,one_hot,mutation
0,19,RQYKLILNAKTLKGETTTEAVDAATAEKVFKQYANDNGCDVEWTYDDATKTFTKTELEVLFQGPLTPNSMATYEVLCEVARMLGTDDREVVLFLLNVFIPQPTLAQLIGALRALKEEGRMTFPLLAECLFRAGRRDLLRDLLHLDPRFLERCLAGTMSYFSPYQLTVLHVDGELCARDIRSFIFLSKDTIGSRSTHQTMLHWVYCMENLDLLGPTDVDALMSMLRSLSRVDLQRQVQTLMGLHLMGPSHSQHYRHTPLEHHHHSH,0,gp,ucb,one_hot,mutation
0,19,MQYKLILNGKTLKGETTTEAVDAATAEKVFKQYANDNGVDVEWTYDDATKRFTPTELEVLFQGPLDPNSMATYEVLCEVARMLQTDDREVVLFLLNVFIPQPTLASLIQALRALKEEGRMTFPLLAECLFRDGRRDLLRDLLHLDPRFLERHLAGTMSYFSPYQLTVLHVDGELCAFDIRSFIFLSKDTIGSRSTHQTMLHWVHCMENLDLLGPTDVDYLMSMLRSLSRVDLQRQVQTLMGLHLSGPSHSQEYRHTPLEHHHHSH,0,gp,ucb,one_hot,mutation
0,19,MQYKLILNGKTLKGETTMEAVDAATAEKVFKQYANDNGVDVEWTYDDATKTFTPTELEVLFQGPLDPNSMATYEVLCEVARMLQTDDREVVLFILNVFIPQPTLASLIQALRALKEEGRMTFPLLAECLFRDGRRDLLRDLLHLDPRFLERHLAGTMSYFSPYQLTVLHVDGELCAFDIRSFIFLSKDTIGSRSTHQTMLHWVYCMENLDLLGPTDVDYLMSMLRSLSRVDLQRQVQTLMGLHLSGPSHSQEYRHTPLEHHHHSH,0,gp,ucb,one_hot,mutation
0,19,MQYKLILNGKTLKGETTTEAVDAATAEKVFKQYANDNGVDHEWTYDDATKRFTPTELEVLFQGPLDPNSMATYEVLCEVARMLQTDDREVVLFLLNVFIPQPTLASLIQALRALKEEGRMTFPLLAECLFRDGRRDLLRDLLHLDPRFLERHLAGTMSYFSPYQLTVLHVDGELCAFDIRSFIFLSKDTIGSRSTHQTMLHWVYCMENLDLLGPTDVDYLMSMLRSLSRVDLQRQVQTLMGLHLSGPSHSQEYRHTPLEHHHHSH,0,gp,ucb,one_hot,mutation
0,20,MQYKLILNGKTLKGETTTEAVDKATAEKVFKQYANDNGVDVEWTYHRATKTFTKTELEVLRQGPLDPNSMATYEVLEEVARKLGTDDREVVLFPLNVFIPQPTLAQLIGALRALKEEGRLTFPLLAECLFRAGRRDLLGDLLHLDPRFLERHLAGTRSYFSPYQLTVLHVDGELCARDIRSLIFLSKDTIGSRSTPQTMLHWVYCMEMLDLLGPTDVDALMSMLRSLSRVCLQRQVQTLMGLHLSGPSHSQHYRHTPLEHHHHSH,0,gp,ucb,one_hot,mutation
0,20,MQYKLILFGKTLKGETTTEAVDADTAEKVFKQYANDNGVDVEWTYDDATKTFTKTELEVLFQGPLDPNSMATYEVLEEVARKLGTDDREVVLFLLNVFIPQPTLAQLIGALRALKEEGRLTFPLLAECLFRAGRRDLLGDLLHLDPRFLERHLAGTRSYFSPYQLTVLHVDGELCARDIRSLIFLSKDTIGSRSTPQTMLHTVYWMENLDLLGPTDVDALMSMLRSLSRVDLQGQVQTLMHLHLSGPSHSQHYRHTGLEHHHHSH,0,gp,ucb,one_hot,mutation
0,20,RQYKLILNAKTLKGETTTEAVDAATAEKVFKQYANDNGCDVEWTYDDATKTFTKTELEVLFQGPLTPNSMATYEVLCEVARMLGTDDREVVLFLLNVFIPQPTLAQLIGALRALKEEGRMTFPLLAECLFRAGRRDLLRDLLHLDPRFLERCLAGTMSYFSPYQLTVLHVDGELCARDIRSFIFLSKDTIGSRSTHQTMLHWVYCMENLDLLGPTDVDALMSMLRSLSRVDLQRQVQTLMGLHLMGPSHSQHYRHTPLEAHHHSH,0,gp,ucb,one_hot,mutation
0,20,MQYKLILNGKTLKGETTTEAVDADTAEKVFKQYANDNGVDVEATYDDATKTFTTTVLEVLFQGPLDPNSMATYEVLEEVARKLGTDDREVVLFDLNVFIPQPTLAQLIGALRALKEEGRLTFPLLAECLFRAGRRDLLGDLLHLDPRFLERHLAGTRSYFSPYQLTVLHVDGELCARDIRSLIFLSKDTIGSRSTPQTMLHWVYCMENLDLLGPTDVDALMSMLRSLSHVDLQGQVQTLMGLHLSGPSHSQHYRHTPLEHHHHSH,0,gp,ucb,one_hot,mutation
0,20,MQYKLILNGKTLKGETTTEAVDAATAEKVFKQYANDNGVDVEWHYDDATKTFTKTELEVLFQGPLDPNSMATYEVLCEVARKLGTDDREVVLFLLNVFIPQPTLAQLIGALRALKEEGDLTFPLLAECLFRAGRRDLLRDLLHLDPRFLERHLAGTMSYFSPYQLTVLHVDGELCARDIRSLIFLSKDTIHSRSTPQTMLHWVYCMENLDLLGPTDVDALMSMLRSLSRVDLQRQVQTLMGLHLSGPSHSQHYRFTPLEHHHHSH,0,gp,ucb,one_hot,mutation
0,21,MQYKLILFGKTLKGETTTEAVDADTAEKVFKQYANDNGVDVEWTYDDATKTFTKTELEVLFQGPLDPNSMATYEVLESVARKLGTDDREVVLFLLNVFIPQPTLAQLIGALRALKEEGRLTFPLLAECLFRAGRRDLLGDLLHLDPRFLERHLAGTRSYFSPYQLTVLHVDGELCARDIRSLIFLSKDTIGSRSTPQTMLHTVYWMENLDLLGPTDVDALMSMLRSLSRVDLQGQVQTLMHLHLSGPSHSQHYRHTGLEHHHHSH,0,gp,ucb,one_hot,mutation
0,21,RQYKLILNAKTLKGETTTEAVDAATAEKVFKQYANDNGCDVEWTYDDATKTFTKTELEVLFQGPLTPNSMATYEVLCEVARMLGTDDREVVLFLLNVFIPQPTPAQLIGALRALKEEGRMTFPLLAECLFRAGRRDLLRDLLHLDPRFLERCLAGTMSYFSPYQLTVLHVDGELCARDIRSFIFLSKDTIGSRSTHQTMLHWVYCMENLDLLGPTDVDALMSMLRSLSRVDLQRQVQTLMGLHLMGPSHSQHYRHTPLEAHHHSH,0,gp,ucb,one_hot,mutation
0,21,MQYKLILNGKTLKGETTTEAVDAATAEKVFKQYANDNGVDVEWHYDDATKTFTKTELEVLFQGPLDPNSMATYECLCEVARKLGTDDREVVLFLLNVFIPQPTLAQLIGALRALKEEGDLTFPLLAECLFRAGRRDLLRDLLHLDPRFLERHLAGTMSYFSPYQLTVLHVDGELCARDIRSLIFLSKDTIHSRSTPQTMLHWVYCMENLDLLGPTDVDALMSMLRSLSRVDLQRQVQTLMGLHLSGPSHSQHYRFTPLEHHHHSH,0,gp,ucb,one_hot,mutation
0,21,MQYKLILNGKTLKGETTTEAVDAATAEKVFKQYANDNGVDVEWTYDDATKTFTPTELEVLFQGPLDPNSMATYEVLCEVARMLQTDDREVVLFLLNVFIPQPTLASLIQALRALKEEGRMTFPLLAECLFRDGRRDLLRDLLHLDPFFLERHLAGTMSYFSPYQLTVLHVDGELCAFDIRSFIFLSKDTIGSRSTHQTMLHWVYCMEMLDLLGPTDVDALMSMLRSLSRVDVQRQVQTLMGLHLSGPSHSQEYRHTPLEHHHHSH,0,gp,ucb,one_hot,mutation
0,21,MQYKLILNGKTLKGETTTEAVDAATAEKVFKQYANDNGVDHEWTYDDATKRFTPTELEVLFQGPLDPNSMATYEVLCEVARMLQTDDREVVLFLLNVFIPQPTLASLIQALRALKEEGRMTFPLLAECLFRDGRRDLLRDLLHLDPRFLERHLAGTMSYFSPYQLTVMHVDGELCAFDIRSFIFLSKDTIGSRSTHQTMLHWVYCMENLDLLGPTDVDYLMSMLRSLSRVDLQRQVQTLMGLHLSGPSHSQEYRHTPLEHHHHSH,0,gp,ucb,one_hot,mutation
0,22,MQYKLILFGKTLKGETTTEAVDADTAEKVFKQYANDNGVDVEWTYDDATKTFTKTELEVLFQGPLDPNSMATYEVLESVARKLGTDDREVVLFLLNVFIPQPTLAQLIGALRALKEEGRLTFPLLAEYLFRAGRRDLLGDLLHLDPRFLERHLAGTRSYFSPYQLTVLHVDGELCARDIRSLIFLSKDTIGSRSTPQTMLHTVYWMENLDLLGPTDVDALMSMLRSLSRVDLQGQVQTLMHLHLSGPSHSQHYRHTGLEHHHHSH,0,gp,ucb,one_hot,mutation
0,22,MQYKLILNGKTLKGETTTEAVDKATAEKVFKQYANDNGVDVEWTYHRATKTFTKTELEVLRQGPLDPNSMATYEVLEEVARKLGTDDREVVLFPLNVFIPQPTLAQLIGALRALKEEGRLTFPLLAECLFRAGRRDLLGDLLHLDPRFLERHLAGTRSYFSPYQLTVLHVDGELCARDIRSLIFLSKDTRGSRSTPQTMLHWVYCMEMLDLLGPTDVDALMSMLRSLSRVCLQRQVQTLMGLHLSGPSHSQHYRHTPLEHHHHSH,0,gp,ucb,one_hot,mutation
0,22,RQYKLILNAKTLKGETTTEAVDAATAEKVFKQYANDNGCDVEWTYDDATKTFTKTELEVLFQGPLTPNSMATYEVLCEVARMLGTDDREVVLFLLNVFIPQPTPAQLIGALRALKEEGRMTFPLLAECLFRAGRRDLLRDLLHLDPRFLERCLAGTMSYFSPYQLTVLHVDGELCARDIRSFIFLSKDTIGSRSTHQTMLHWVYCMENLDLLGPTDVDALMSMLRSLSRVDLQRQGQTLMGLHLMGPSHSQHYRHTPLEAHHHSH,0,gp,ucb,one_hot,mutation
0,22,MQYKLILNGKTLKGETTTEAVDADTAEKVFKQYANDNGVDVEATYDDATKTFTTTVLEVLFQGPLDPNSMATYEVLEEVARKLGTDDREVVLFDLNVFIPQPTLAQLIGALRALKEEGRLTFPLLAECLFRAGRRDLLGDLLHLDPRFLERHLAGTRSYPSPYQLTVLHVDGELCARDIRSLIFLSKDTIGSRSTPQTMLHWVYCMENLDLLGPTDVDALMSMLRSLSHVDLQGQVQTLMGLHLSGPSHSQHYRHTPLEHHHHSH,0,gp,ucb,one_hot,mutation
0,22,MQYKLILNGKTLKGETTTEAVDAATAEKVFKQYANDNGVDVEWTYDDATKTFTPTELEVLFQGPLDPNSMATYEVLCEVARMLQTDDREVVLFLLNVFIPQPTLASLIQALRALKEEGRMTFPLLARCLFRDGRRDLLRDLLHLDPFFLERHLAGTMSYFSPYQLTVLHVDGELCAFDIRSFIFLSKDTIGSRSTHQTMLHWVYCMEMLDLLGPTDVDALMSMLRSLSRVDVQRQVQTLMGLHLSGPSHSQEYRHTPLEHHHHSH,0,gp,ucb,one_hot,mutation
0,23,MQYKLILNGKTLKGETTTEAVDKATAEKVFKQYANDNGVDVEWTYHRATKTFTKTELEVLRQGPLDPNSMATYEVLEEVARKLGTDDREVVLFPLNVFIPQPTLQQLIGALRALKEEGRLTFPLLAECLFRAGRRDLLGDLLHLDPRFLERHLAGTRSYFSPYQLTVLHVDGELCARDIRSLIFLSKDTRGSRSTPQTMLHWVYCMEMLDLLGPTDVDALMSMLRSLSRVCLQRQVQTLMGLHLSGPSHSQHYRHTPLEHHHHSH,0,gp,ucb,one_hot,mutation
0,23,MQYKLILNGKTLKGETTTEAVDKATAEKVFKQYANDNGVDVEWTYHRATKTFTKTELEVLRQGPLDPNSMATYEVLEEVARKLGTDDREVVLFPLNVFIPQPTLAQLIGALRALKEEGRLTFPLLAECLFRAGRRDLLGDLLLLDPRFLERHLAGTRSYFSPYQLTVLHVDGELCARDIRSLIFLSKDTRGSRSTPQTMLHWVYCMEMLDLLGPTDVDALMSMLRSLSRVCLQRQVQTLMGLHLSGPSHSQHYRHTPLEHHHHSH,0,gp,ucb,one_hot,mutation
0,23,MQYKLIDNGKTLKGETTTEAVDKATAEKVFKQYANDNGVDVEWTYHRATKTFTKTELEVLRQGPLDPNSMATYEVLEEVARKLGTDDREVVLFPLNVFIPQPTLAQLIGALRALKEEGRLTFPLLAECLFRAGRRDLLGDLLHLDPRFLERHLAGTRSYFSPYQLTVLHVDGELCARDIRSLIFLSKDTRGSRSTPQTMLHWVYCMEMLDLLGPTDVDALMSMLRSLSRVCLQRQVQTLMGLHLSGPSHSQHYRHTPLEHHHHSH,0,gp,ucb,one_hot,mutation
0,23,MQYKLILNGKTLKGETTTEAVDKATAEKVFKQYANDNGVDVEWTYHRCTKTFTKTELEVLRQGPLDPNSMATYEVLEEVARKLGTDDREVVLFPLNVFIPQPTLAQLIGALRALKEEGRLTFPLLAECLFRAGRRDLLGDLLHLDPRFLERHLAGTRSYFSPYQLTVLHVDGELCARDIRSLIFLSKDTRGSRSTPQTMLHWVYCMEMLDLLGPTDVDALMSMLRSLSRVCLQRQVQTLMGLHLSGPSHSQHYRHTPLEHHHHSH,0,gp,ucb,one_hot,mutation
0,23,MQYKLILFGKTLKGETTTEAVDADTAEKVFKQYANDNGVDVEWTYDDATKTFTKTELEVLFQGPLDPNSMATYEVLESVARKLGTDDREVVLFLLNVFIPQPTLAQLIGALRALKEEGRLTFPLLAEYLFRAGRRDLLGDLLHLDPRFLERHLAGTRSYFSPYQLTVLHVDGELCARDIRSLIFLSKDTIGSRSTPQTMLHTVYWMENLDLLGPTDVDALMSMLRSLSRVDLQGQVQTLMILHLSGPSHSQHYRHTGLEHHHHSH,0,gp,ucb,one_hot,mutation
0,24,RQYKLILNAKTLKGETTTEAVDAATAEKVFKQYANDNGCDVEWTYDDATKTFTKTELEVLFQGPLTPNSMATYEVLCEVARMLGTDDREVVLFLLNVFIPQPTPAQLIGALRALKEEGRMTFPLLAECLFRAGRRDLLRDLLHLDPRFLERCLAGTMSYFSPYQLTVLHVDGELCARDIRSFIFLSGDTIGSRSTHQTMLHWVYCMENLDLLGPTDVDALMSMLRSLSRVDLQRQGQTLMGLHLMGPSHSQHYRHTPLEAHHHSH,0,gp,ucb,one_hot,mutation
0,24,MQYKLILNGKTLKGETTTEAVDAATAEKVFKQYANDNGVDVEWHYDDATKTFTKTELEVLFQGPLDPNSMATYECLCEVARKLGTDDREVVLFLLNVFIPQPTLAQLIGALRALKEEGDLTFPLLAECLFRAGRRDLLRDLLHLDPRFLERHLAGTMSYFSPYQLTVLHVDGELCARDIRSLIFLSKDYIHSRSTPQTMLHWVYCMENLDLLGPTDVDALMSMLRSLSRVDLQRQVQTLMGLHLSGPSHSQHYRFTPLEHHHHSH,0,gp,ucb,one_hot,mutation
0,24,MQYVLILNGKTLKGETTTEAVDAATAEKVFKQYANDNGVDVEWHYDDATKTFTKTELEVLFQGPLDPNSMATYECLCEVARKLGTDDREVVLFLLNVFIPQPTLAQLIGALRALKEEGDLTFPLLAECLFRAGRRDLLRDLLHLDPRFLERHLAGTMSYFSPYQLTVLHVDGELCARDIRSLIFLSKDTIHSRSTPQTMLHWVYCMENLDLLGPTDVDALMSMLRSLSRVDLQRQVQTLMGLHLSGPSHSQHYRFTPLEHHHHSH,0,gp,ucb,one_hot,mutation
0,24,MQYKLILFGKTLKGETTTEAVDADTAEKVFKQYANDNGVDVEWTYDDATKTFTKTELEVLFQGPLDPNSMATYEVLESVARKLGTDDREVVLFLLNVFIPQPTLAQLIGALRALKEELRLTFPLLAEYLFRAGRRDLLGDLLHLDPRFLERHLAGTRSYFSPYQLTVLHVDGELCARDIRSLIFLSKDTIGSRSTPQTMLHTVYWMENLDLLGPTDVDALMSMLRSLSRVDLQGQVQTLMILHLSGPSHSQHYRHTGLEHHHHSH,0,gp,ucb,one_hot,mutation
0,24,MQYKLILNGKTLKGETTTEAVDAATAEKVFKQYANDNGVDVEWHYDDATKTFTKTELEVLFQGPLDPNSMATYECLCEVARKLGTDDREVVLFLLNVFIPQPTLAQLIGALRALKEEGDLTFPLLAECLFRAGRRDLLRDLLHLDPRFLERHLAGTMSYFSPYQLTVLHVDGELCARDIRSLIFLSKDTIHSRSTPQTMLHWVVCMENLDLLGPTDVDALMSMLRSLSRVDLQRQVQTLMGLHLSGPSHSQHYRFTPLEHHHHSH,0,gp,ucb,one_hot,mutation
0,25,RQYKLILNAKTLKGETTTEAVDAATAEKVFKQYANDNGCDVEWTYDDATKTFTKTELEVLFQGPLTPNSMATYEVLCEVARMLGTDDREVVLFLLNVFIPQPTPAQLIGALRALKEEGRMTFPLLAECLFRAGRRDLLRDLLHLDPRFLERCLAGTMSYFSPYQLTVLHVDGELCARHIRSFIFLSGDTIGSRSTHQTMLHWVYCMENLDLLGPTDVDALMSMLRSLSRVDLQRQGQTLMGLHLMGPSHSQHYRHTPLEAHHHSH,0,gp,ucb,one_hot,mutation
0,25,RQYKLILNAKTLKGETTTNAVDAATAEKVFKQYANDNGCDVEWTYDDATKTFTKTELEVLFQGPLTPNSMATYEVLCEVARMLGTDDREVVLFLLNVFIPQPTPAQLIGALRALKEEGRMTFPLLAECLFRAGRRDLLRDLLHLDPRFLERCLAGTMSYFSPYQLTVLHVDGELCARDIRSFIFLSGDTIGSRSTHQTMLHWVYCMENLDLLGPTDVDALMSMLRSLSRVDLQRQGQTLMGLHLMGPSHSQHYRHTPLEAHHHSH,0,gp,ucb,one_hot,mutation
0,25,MQYKLILNGKTLKGETTTEAVDADTAEKVFKQYANDNGVDVEATYRDATKTFTTTVLEVLFQGPLDPNSMATYEVLEEVARKLGTDDREVVLFDLNVFIPQPTLAQLIGALRALKEEGRLTFPLLAECLFRAGRRDLLGDLLHLDPRFLERHLAGTRSYPSPYQLTVLHVDGELCARDIRSLIFLSKDTIGSRSTPQTMLHWVYCMENLDLLGPTDVDALMSMLRSLSHVDLQGQVQTLMGLHLSGPSHSQHYRHTPLEHHHHSH,0,gp,ucb,one_hot,mutation
0,25,MQYKLILNGKTLKGETTTEAVDAATAEKVFKQYANDNGVDHEWTYDDATKRFTPTELEVLFQGPLDPNSMATYEVLCEVARMLQTDDREVVLFLLNVFIPQPTLASLIQALRALKEEGRMTFPLLAECLFRDGRRDLLRDLLHLDPRFLERHLAGVMSYFSPYQLTVMHVDGELCAFDIRSFIFLSKDTIGSRSTHQTMLHWVYCMENLDLLGPTDVDYLMSMLRSLSRVDLQRQVQTLMGLHLSGPSHSQEYRHTPLEHHHHSH,0,gp,ucb,one_hot,mutation
0,25,MQYVLILNGKTLKGETTTEAVDAATAEKVFKQYANDNGVDVEWHYDDATKTFTKTELEVLFQGPLDPNSMATYECLCEVARKLGTDDREVVLFLLNVFIPQPTLAQLIGALRALKEEGDLTFPLLAECLFRAGRRDLLRDLLHLDPRFLERHLAGTMSYFSPYQLTVLHVDGELCARDIRSLIFLSKDTIHSRSTPQTMLHWVYCMENLDLLGPTDVDALMSMLRSLSRVDLQRQVQTLMGLHLSGPSHCQHYRFTPLEHHHHSH,0,gp,ucb,one_hot,mutation
0,26,MQYKLILNGKTLKGETTTEAVDADTAEKVFKQYANDNGVDVEATYRDATKTFTTTVLEVLFQGPLDPNSMATYEVLEEVARKLGTDDREVVLTDLNVFIPQPTLAQLIGALRALKEEGRLTFPLLAECLFRAGRRDLLGDLLHLDPRFLERHLAGTRSYPSPYQLTVLHVDGELCARDIRSLIFLSKDTIGSRSTPQTMLHWVYCMENLDLLGPTDVDALMSMLRSLSHVDLQGQVQTLMGLHLSGPSHSQHYRHTPLEHHHHSH,0,gp,ucb,one_hot,mutation
0,26,MQYKLILNGKTLKGETTTEAVDADTAEKVFKQYANDNGVDVEATYRDATKTFTTTVLEVLFQGPLDPNSMATYEVLEEVARKLGTDDREVVLFDLNVFIPQPTLAQLIGALRALKEEGRLTFPLLAECLFRAGRRDLLGDLLHLDPRFLERHLAGTRSYPSPYQLTVLHVDGELCARDIRSLIFLSKDTIGSRSTPQTMLHWVYCMENLDLLGPTDVDAHMSMLRSLSHVDLQGQVQTLMGLHLSGPSHSQHYRHTPLEHHHHSH,0,gp,ucb,one_hot,mutation
0,26,MQYKLILNGKTLKGETTTEAVDAATAEKVFKQYANDNGVDVEWTYDDATKTFTPTELEVLFQGPLDPNSMATYEVLCEVARMLQTDDREVVLFLLNVFIPQPTLASLIQALRALKEEGRMTFPLLARCLFRDGRKDLLRDLLHLDPFFLERHLAGTMSYFSPYQLTVLHVDGELCAFDIRSFIFLSKDTIGSRSTHQTMLHWVYCMEMLDLLGPTDVDALMSMLRSLSRVDVQRQVQTLMGLHLSGPSHSQEYRHTPLEHHHHSH,0,gp,ucb,one_hot,mutation
0,26,MQYKLILNGKTLKGETTTEAVDAATAEKVFKQYANDNGVDVEWTYDDATKTFTPTELEVLFQGPLDPNSMATYEVLCEVARMLQTDDREVVLFLLNVFIPQPTLASLIQALRALKEEGRMTFPLLARCLFRDGRRDLLRDLLHLDPFFLERHLAGTGSYFSPYQLTVLHVDGELCAFDIRSFIFLSKDTIGSRSTHQTMLHWVYCMEMLDLLGPTDVDALMSMLRSLSRVDVQRQVQTLMGLHLSGPSHSQEYRHTPLEHHHHSH,0,gp,ucb,one_hot,mutation
0,26,RQYKLILNAKTLKGETTTEAVDAATAEKVFKQYANDNGCDVEWTYDDATKTFTKTELEVLFQGKLTPNSMATYEVLCEVARMLGTDDREVVLFLLNVFIPQPTPAQLIGALRALKEEGRMTFPLLAECLFRAGRRDLLRDLLHLDPRFLERCLAGTMSYFSPYQLTVLHVDGELCARHIRSFIFLSGDTIGSRSTHQTMLHWVYCMENLDLLGPTDVDALMSMLRSLSRVDLQRQGQTLMGLHLMGPSHSQHYRHTPLEAHHHSH,0,gp,ucb,one_hot,mutation
0,27,MQYKLILFGKTLKGETTTEAVDADTAEKVFKQYANDNGVDVEWTYDDATKTFFKTELEVLFQGPLDPNSMATYEVLESVARKLGTDDREVVLFLLNVFIPQPTLAQLIGALRALKEELRLTFPLLAEYLFRAGRRDLLGDLLHLDPRFLERHLAGTRSYFSPYQLTVLHVDGELCARDIRSLIFLSKDTIGSRSTPQTMLHTVYWMENLDLLGPTDVDALMSMLRSLSRVDLQGQVQTLMILHLSGPSHSQHYRHTGLEHHHHSH,0,gp,ucb,one_hot,mutation
0,27,MQYKLILNGKTLKGETTTEAVDAATAEKVFKQYANDNGVDHEWTYDDATKRFTPTELEVLFQGPLDPNSMATYEVLCEVARMLQTDDREVVLFLLNVFIPQPTLASLIQALRALKEEGRMTFPLLAECLFRDGRRDLLRDLLHLDPRFLERHLAGVMSYFSPYQLTVMHVDGELCAFIIRSFIFLSKDTIGSRSTHQTMLHWVYCMENLDLLGPTDVDYLMSMLRSLSRVDLQRQVQTLMGLHLSGPSHSQEYRHTPLEHHHHSH,0,gp,ucb,one_hot,mutation
0,27,RQYKLILNAKTLKGETTTEAVDAATAEKVFKQYANDNGCDVEWTYDDATKTFTKTELEVLFKGKLTPNSMATYEVLCEVARMLGTDDREVVLFLLNVFIPQPTPAQLIGALRALKEEGRMTFPLLAECLFRAGRRDLLRDLLHLDPRFLERCLAGTMSYFSPYQLTVLHVDGELCARHIRSFIFLSGDTIGSRSTHQTMLHWVYCMENLDLLGPTDVDALMSMLRSLSRVDLQRQGQTLMGLHLMGPSHSQHYRHTPLEAHHHSH,0,gp,ucb,one_hot,mutation
0,27,RQYKLILNAKTLKGETTTEAVDAATAEKVFKQYANDNGCDVEWTYDDATKTFTKTELEVLFQGKLTPNSMATYEVLCEVARMLGTDDREVVLFLLNVFIPQPTPAQLIGALRDLKEEGRMTFPLLAECLFRAGRRDLLRDLLHLDPRFLERCLAGTMSYFSPYQLTVLHVDGELCARHIRSFIFLSGDTIGSRSTHQTMLHWVYCMENLDLLGPTDVDALMSMLRSLSRVDLQRQGQTLMGLHLMGPSHSQHYRHTPLEAHHHSH,0,gp,ucb,one_hot,mutation
0,27,RQYKLILNAKTLKGETTTEAVDAATAEKVFKQYANDNGCDVEWQYDDATKTFTKTELEVLFQGKLTPNSMATYEVLCEVARMLGTDDREVVLFLLNVFIPQPTPAQLIGALRALKEEGRMTFPLLAECLFRAGRRDLLRDLLHLDPRFLERCLAGTMSYFSPYQLTVLHVDGELCARHIRSFIFLSGDTIGSRSTHQTMLHWVYCMENLDLLGPTDVDALMSMLRSLSRVDLQRQGQTLMGLHLMGPSHSQHYRHTPLEAHHHSH,0,gp,ucb,one_hot,mutation
0,28,MQYVLILNGKTLKGETTTEAVDAATAEWVFKQYANDNGVDVEWHYDDATKTFTKTELEVLFQGPLDPNSMATYECLCEVARKLGTDDREVVLFLLNVFIPQPTLAQLIGALRALKEEGDLTFPLLAECLFRAGRRDLLRDLLHLDPRFLERHLAGTMSYFSPYQLTVLHVDGELCARDIRSLIFLSKDTIHSRSTPQTMLHWVYCMENLDLLGPTDVDALMSMLRSLSRVDLQRQVQTLMGLHLSGPSHCQHYRFTPLEHHHHSH,0,gp,ucb,one_hot,mutation
0,28,MQYKLILNGKTLKGETTTEAVDADTAEKVFKQYANDNGVDVEATYRDATKTFTTTVLEVLFQGPLDPNSMATYEVLEEVARKLGTDDREVVLFDLNVFIPQPTLAQLIGALRALKEEGRLTFPLLAECLFRAGRRDLLGDLLHLDPRFLERHLAGTRSYPSPYQLTVLHVDGELCARDIRSLIFLSKDTIGSRSTPQTMLHWVYCMENLDLLGPTDVDAHMSMLRSLSHVDLQGQVQTLMGLHLSGPSHSQHYRHTPLEHHHHSQ,0,gp,ucb,one_hot,mutation
0,28,MQYKLILNGKTLKGETTTEAVDADTAEKVFKQYANDNGVDVEATYRDATKTFTTTVLEVLFQGPLDPNSMATYEVLEEVARKLGTDDREVVLTDLNVFIPQPTLAQLIGALRALKEEGRLTFPLLAECLFRAGRRDLLGDLLHLDPRFLERHLAGTRSYPSRYQLTVLHVDGELCARDIRSLIFLSKDTIGSRSTPQTMLHWVYCMENLDLLGPTDVDALMSMLRSLSHVDLQGQVQTLMGLHLSGPSHSQHYRHTPLEHHHHSH,0,gp,ucb,one_hot,mutation
0,28,MQYKLILNGKTLKGETTTEAVDAATAEKVFKQYANDNGVDVEWTYDDATKTFTPTELEVLFQGPLDPNSMATYEVLCEVARMLQTDDREVVLFLLNVFIPQPTLASLIQALRTLKEEGRMTFPLLARCLFRDGRRDLLRDLLHLDPFFLERHLAGTGSYFSPYQLTVLHVDGELCAFDIRSFIFLSKDTIGSRSTHQTMLHWVYCMEMLDLLGPTDVDALMSMLRSLSRVDVQRQVQTLMGLHLSGPSHSQEYRHTPLEHHHHSH,0,gp,ucb,one_hot,mutation
0,28,MQYKLILNGKTLKGETTTEAVDAATAEKVFKQYANDNGVDVEWTYDDATKTFTPTELEVLFQGPLDPNSMATYEVLCEVARMLQTDDREVVLFLLNVFIPQPTLASLIQALRALKEEGRTTFPLLARCLFRDGRRDLLRDLLHLDPFFLERHLAGTGSYFSPYQLTVLHVDGELCAFDIRSFIFLSKDTIGSRSTHQTMLHWVYCMEMLDLLGPTDVDALMSMLRSLSRVDVQRQVQTLMGLHLSGPSHSQEYRHTPLEHHHHSH,0,gp,ucb,one_hot,mutation
0,29,MQYKLILFGKTLKGETTTEAVDADTAEKVFKQYANDNGVDVEWTYDDATKTFFKTELEVLFQGPLDPNSMATYEVLESVARKLGTDDREVVLFLLNVFIPQPTLAQLIGALRALKEELRLTFPLLAEYLFRAGRRDLLGDLLHLDPRFLERHLAGTRSYFSPYQLTVLHVDGELCARDIRSLIFLSKDTIGSRSTPQTMLHTVYWMENLDLLGPTDVDALMSMLRSLSRVDQQGQVQTLMILHLSGPSHSQHYRHTGLEHHHHSH,0,gp,ucb,one_hot,mutation
0,29,MQYKLILNGKTLKGETTTEAVDADTAEKVFKQYANDNGVDVEATYRDATKTFTTTVLEVLFQGPLDPNSMATYEVLEEVARELGTDDREVVLTDLNVFIPQPTLAQLIGALRALKEEGRLTFPLLAECLFRAGRRDLLGDLLHLDPRFLERHLAGTRSYPSRYQLTVLHVDGELCARDIRSLIFLSKDTIGSRSTPQTMLHWVYCMENLDLLGPTDVDALMSMLRSLSHVDLQGQVQTLMGLHLSGPSHSQHYRHTPLEHHHHSH,0,gp,ucb,one_hot,mutation
0,29,MQYKLILNGKTLKGETTMEAVDAATAEKVFKQYANDNGVDVEWTYDDATKTFTPTELEVLFQGPLPPNSMATYEVLCEVARMLQTDDREVVLFILNVFIPQPTLASLIQALRALKEEGRMTFPLLAECLFRDGRRDLLRDLLHLDPRFLERHLAGTMSYFSPYQLTVLHVDGELCAFDIRSFIFLSKDTIGSRSTHQTMLHWVYCMENLDLLGPTDVDYLMSMLRSLSRVDLQRQVQTLMGLHLSGPSHSQEYRHTPLEHHHHSH,0,gp,ucb,one_hot,mutation
0,29,MQYVLILNGKTLKGETTTEAVDAATAEWVFKQYANDNGVDVEWHYDDATKTFTKTELEVLFQGPLDPNSMATYEKLCEVARKLGTDDREVVLFLLNVFIPQPTLAQLIGALRALKEEGDLTFPLLAECLFRAGRRDLLRDLLHLDPRFLERHLAGTMSYFSPYQLTVLHVDGELCARDIRSLIFLSKDTIHSRSTPQTMLHWVYCMENLDLLGPTDVDALMSMLRSLSRVDLQRQVQTLMGLHLSGPSHCQHYRFTPLEHHHHSH,0,gp,ucb,one_hot,mutation
0,29,MQHKLILNGKTLKGETTTEAVDAATAEKVFKQYANDNGVDVEWTYDDATKTFTPTELEVLFQGPLDPNSMATYEVLCEVARMLQTDDREVVLFLLNVFIPQPTLASLIQALRALKEEGRTTFPLLARCLFRDGRRDLLRDLLHLDPFFLERHLAGTGSYFSPYQLTVLHVDGELCAFDIRSFIFLSKDTIGSRSTHQTMLHWVYCMEMLDLLGPTDVDALMSMLRSLSRVDVQRQVQTLMGLHLSGPSHSQEYRHTPLEHHHHSH,0,gp,ucb,one_hot,mutation
0,30,MQNKLILNGKTLKGETTTEAVDADTAEKVFKQYANDNGVDVEATYRDATKTFTTTVLEVLFQGPLDPNSMATYEVLEEVARELGTDDREVVLTDLNVFIPQPTLAQLIGALRALKEEGRLTFPLLAECLFRAGRRDLLGDLLHLDPRFLERHLAGTRSYPSRYQLTVLHVDGELCARDIRSLIFLSKDTIGSRSTPQTMLHWVYCMENLDLLGPTDVDALMSMLRSLSHVDLQGQVQTLMGLHLSGPSHSQHYRHTPLEHHHHSH,0,gp,ucb,one_hot,mutation
0,30,MQYKLILNGKTLKGETTTEAVDAATAEKVFKQYANDNGVDVEWTYDDATKTFTPTELEVLFQGPLDPNSMATYEVLCRVARMLQTDDREVVLFLLNVFIPQPTLASLIQALRTLKEEGRMTFPLLARCLFRDGRRDLLRDLLHLDPFFLERHLAGTGSYFSPYQLTVLHVDGELCAFDIRSFIFLSKDTIGSRSTHQTMLHWVYCMEMLDLLGPTDVDALMSMLRSLSRVDVQRQVQTLMGLHLSGPSHSQEYRHTPLEHHHHSH,0,gp,ucb,one_hot,mutation
0,30,RQYKLILNAKTLKGETTTEAVDAATAEKVFKQYANDNGCDVEWQYDDATKTFTKTELEVLFQGKLTPNSMATYEVLCEVARMLGTDDREVVLFLLNVFIPQPTPAQLIGALRALKEEGRMTFPLLAECLFRAGRRDLLRDLLHLDPRFLERCLAGTMSYFSPYQLTVLHVDGELCARHIRSFIFLSGDTIGSRSTHQTMLHWVYCMENLDLLGPTDVDALMSMLRSLSRVDLQRQGQTLMGLHLMNPSHSQHYRHTPLEAHHHSH,0,gp,ucb,one_hot,mutation
0,30,RQYKLILNAKTLKGETTTEAVDAATAEKVFKQYANDNGCDVEWQYDDATKTFTKTELEVLFQGKLTPNSMATYEVLCEVARMLGTDDREVVLFLLNVFIPQPTPAQLIGALRALKEEGRMTFPLLAECLFRAGRRDLLRDLLHLDPRFLERCLAGTMSYFSPYQLTVLHVDGELCARHIRKFIFLSGDTIGSRSTHQTMLHWVYCMENLDLLGPTDVDALMSMLRSLSRVDLQRQGQTLMGLHLMGPSHSQHYRHTPLEAHHHSH,0,gp,ucb,one_hot,mutation
0,30,RQYKLILNAKTLKGETTTEAVDAATAEKVFKQYANDNGCDVEWTYDDATKTFTKTELEVLFQGKLTPNSMATYEVLCEVARMLGTDDREVVLFLLNVFIPQPTPAQLIGALRDLKEEGRMTFPLLAECLFRAGRRDLLRDLLHLDPRFLERCLAGTMSYFSPYQLTVLHVDGELCARHIRSFIFLSGDTIGSRTTHQTMLHWVYCMENLDLLGPTDVDALMSMLRSLSRVDLQRQGQTLMGLHLMGPSHSQHYRHTPLEAHHHSH,0,gp,ucb,one_hot,mutation
0,31,MQNKLILNGKTLKGETTTEAVDADTAEKVFKQYANDNGVDVEATYRDATKTFTTTVLEVLFQGPLDPNSMATYRVLEEVARELGTDDREVVLTDLNVFIPQPTLAQLIGALRALKEEGRLTFPLLAECLFRAGRRDLLGDLLHLDPRFLERHLAGTRSYPSRYQLTVLHVDGELCARDIRSLIFLSKDTIGSRSTPQTMLHWVYCMENLDLLGPTDVDALMSMLRSLSHVDLQGQVQTLMGLHLSGPSHSQHYRHTPLEHHHHSH,0,gp,ucb,one_hot,mutation
0,31,MQYKLILNGKTLKGETTMEAVDAATAEKVFKQYANDNGVDVEWTYDDATKTFTPTELEVLFQGPLPPNSMATYEVLCEVARMLLTDDREVVLFILNVFIPQPTLASLIQALRALKEEGRMTFPLLAECLFRDGRRDLLRDLLHLDPRFLERHLAGTMSYFSPYQLTVLHVDGELCAFDIRSFIFLSKDTIGSRSTHQTMLHWVYCMENLDLLGPTDVDYLMSMLRSLSRVDLQRQVQTLMGLHLSGPSHSQEYRHTPLEHHHHSH,0,gp,ucb,one_hot,mutation
0,31,MQYKLILNGKTLKGETTTEAVDAATAEKVFKQYANDNGVDVEWTYDDATKTFTPTELEVLFQGPLDPNSMATYEVLCRVARMLQTDDREVVLFLLNVFIPQPTLASLIQALRTLKEEGRMTFPLLARCLFRDGRRDLLRDLLHLDPFFLERHLAGTGSYFSPYQLTVLHVDGELCAFDIRSFIFLSKDTIGSRSTHQTMLHWVYCMEMLDLLGPTDVDALMSMLRSLSRVVVQRQVQTLMGLHLSGPSHSQEYRHTPLEHHHHSH,0,gp,ucb,one_hot,mutation
0,31,RQYKLILNAKTLKGETTTEAVDAATAEKVFKQYANDNGCDVEWQYDDATKTFTKTELEVLFQGKLTPNSMATYEVLCEVARMLGTDDREVVLFLLNVFIPQPTPAQLIGALRALKEEGRMTFPLLAECLFRAGRRDLLRDLLHLDPRQLERCLAGTMSYFSPYQLTVLHVDGELCARHIRKFIFLSGDTIGSRSTHQTMLHWVYCMENLDLLGPTDVDALMSMLRSLSRVDLQRQGQTLMGLHLMGPSHSQHYRHTPLEAHHHSH,0,gp,ucb,one_hot,mutation
0,31,RQYKLILNAKTLKGETTTEAVDAATAEKVFKQYANDNGCDVEWQYDDATKTFTKTELEVLFQGKLTPNSMATYEVLCEVARMLGTDDREVVLFLLNVFIPQPTPAQLIGALRALKEEGRMTFPLLDECLFRAGRRDLLRDLLHLDPRFLERCLAGTMSYFSPYQLTVLHVDGELCARHIRSFIFLSGDTIGSRSTHQTMLHWVYCMENLDLLGPTDVDALMSMLRSLSRVDLQRQGQTLMGLHLMNPSHSQHYRHTPLEAHHHSH,0,gp,ucb,one_hot,mutation
0,32,MQYKLILFGKTLKGETTTEAVDADTAEKVFKQYANDNGVDVEWTYDDATKTFFKTELEVLFQGPLDPNSMATYEVLESVARKLGTDDREVVLFLLNVFIPQPTLAQLIGALRALKEELRLTFPLLAEYLFRAGRRDLLGDLLHLDPRFLERHLAGTRSYFSPYQLTVLHVDGELCARDIRSLIFLSKDTIGSRSTPQTMLHTVYWMENLDLLGPTDVDALMSMLRSLSRVDQQGQVQTLMILHLSGPSHSQHYRHTGLEHHHHST,0,gp,ucb,one_hot,mutation
0,32,MQYKLILFGKTLKGETTTEAVDADTAEKVFKQYANDNGVDVEWTYDDATKTFFKTELEVLFQGPLTPNSMATYEVLESVARKLGTDDREVVLFLLNVFIPQPTLAQLIGALRALKEELRLTFPLLAEYLFRAGRRDLLGDLLHLDPRFLERHLAGTRSYFSPYQLTVLHVDGELCARDIRSLIFLSKDTIGSRSTPQTMLHTVYWMENLDLLGPTDVDALMSMLRSLSRVDQQGQVQTLMILHLSGPSHSQHYRHTGLEHHHHSH,0,gp,ucb,one_hot,mutation
0,32,MQYKLILNGKTLKGETTTEAVDAATAEKVFKQYANDNGVDVEWTYQDATKTFTPTELEVLFQGPLDPNSMATYEVLCRVARMLQTDDREVVLFLLNVFIPQPTLASLIQALRTLKEEGRMTFPLLARCLFRDGRRDLLRDLLHLDPFFLERHLAGTGSYFSPYQLTVLHVDGELCAFDIRSFIFLSKDTIGSRSTHQTMLHWVYCMEMLDLLGPTDVDALMSMLRSLSRVVVQRQVQTLMGLHLSGPSHSQEYRHTPLEHHHHSH,0,gp,ucb,one_hot,mutation
0,32,MQYKLIANGKTLKGETTTEAVDADTAEKVFKQYANDNGVDVEATYRDATKTFTTTVLEVLFQGPLDPNSMATYEVLEEVARKLGTDDREVVLFDLNVFIPQPTLAQLIGALRALKEEGRLTFPLLAECLFRAGRRDLLGDLLHLDPRFLERHLAGTRSYPSPYQLTVLHVDGELCARDIRSLIFLSKDTIGSRSTPQTMLHWVYCMENLDLLGPTDVDAHMSMLRSLSHVDLQGQVQTLMGLHLSGPSHSQHYRHTPLEHHHHSQ,0,gp,ucb,one_hot,mutation
0,32,MQYKLILNGKTLKGETTTEAVDAATAEKVFKQYANDNGVDVEWTYDDATKTFTPTELEVLFQGPLDPNSMATYEVLERVARMLQTDDREVVLFLLNVFIPQPTLASLIQALRTLKEEGRMTFPLLARCLFRDGRRDLLRDLLHLDPFFLERHLAGTGSYFSPYQLTVLHVDGELCAFDIRSFIFLSKDTIGSRSTHQTMLHWVYCMEMLDLLGPTDVDALMSMLRSLSRVVVQRQVQTLMGLHLSGPSHSQEYRHTPLEHHHHSH,0,gp,ucb,one_hot,mutation
0,33,MQNKLILNGKTLKGETTTEAVDADTAEKVFKQYANDNGVDVEATYRDATKTFTTTVLEVLFQGPLDPNSMATYRVLEEVARELGTDDREVVLTDLNVFIPQPTLPQLIGALRALKEEGRLTFPLLAECLFRAGRRDLLGDLLHLDPRFLERHLAGTRSYPSRYQLTVLHVDGELCARDIRSLIFLSKDTIGSRSTPQTMLHWVYCMENLDLLGPTDVDALMSMLRSLSHVDLQGQVQTLMGLHLSGPSHSQHYRHTPLEHHHHSH,0,gp,ucb,one_hot,mutation
0,33,MQYKLILNGKTLKGETTTEAVDAATAEKVFKQYANDNGVDHEWTYDDATKRFTPTELEVLFQGPLDPNSMATYEVLCEVARMLQTDDREVVLFLLIVFIPQPTLASLIQALRALKEEGRMTFPLLAECLFRDGRRDLLRDLLHLDPRFLERHLAGVMSYFSPYQLTVMHVDGELCAFIIRSFIFLSKDTIGSRSTHQTMLHWVYCMENLDLLGPTDVDYLMSMLRSLSRVDLQRQVQTLMGLHLSGPSHSQEYRHTPLEHHHHSH,0,gp,ucb,one_hot,mutation
0,33,MQNKLILNGKTLKGETTTEAVDADTAEKVFKQYANDNGVDVEATYRDATKTFTTTVLEVLFQGPLDPNSMATYRVLEEVARELGTDDREVVLTMLNVFIPQPTLAQLIGALRALKEEGRLTFPLLAECLFRAGRRDLLGDLLHLDPRFLERHLAGTRSYPSRYQLTVLHVDGELCARDIRSLIFLSKDTIGSRSTPQTMLHWVYCMENLDLLGPTDVDALMSMLRSLSHVDLQGQVQTLMGLHLSGPSHSQHYRHTPLEHHHHSH,0,gp,ucb,one_hot,mutation
0,33,RQYKLILNAKTLKGETTTEAVDAATAEKVFKQYANDNGCDVEWQYDDATKTFTKTELEVLFQGKLTPNSMATYEVLCEVARMLGTDDREVVLFLLNVFIPQPTPAQLIGALRALKEEGRMTFPLLAECLFRAGRRDLLRDLLHLDPRQLERCLAGTMSYFSPYQLTVLHVDGELCARHIRKFIFLSGDTIGSRSTHQTMLHWVYCMENLDLLGPTDVDALMSMLRSLSRVDLQRQGQMLMGLHLMGPSHSQHYRHTPLEAHHHSH,0,gp,ucb,one_hot,mutation
0,33,RQYKLILNAKTLKGETTTEAVDAATAEKVFKQYANDNGCDVEWTYDDATKTFTKTELEVLFQGKLTPNSMATYEVLCEVARMLGTDDREVVLFLLNVFIPQPTPAQLIGALRDLKEEGRMTFPLLAECLFRAGRRDLLRDLLHLDPRFLERCLAGTMSYFSPYQLTVLHVDGELCARHIRSFIFLSGDTIGSRTTHQTYLHWVYCMENLDLLGPTDVDALMSMLRSLSRVDLQRQGQTLMGLHLMGPSHSQHYRHTPLEAHHHSH,0,gp,ucb,one_hot,mutation
0,34,MQYKLILNGKTLKGETTTEAVDAATAEKVFKQYANDNGVDHEWTYDDATKRFTPTELEVLFQGPLDPNSMATYEVLCEVARMLQTDDREVVLFLLIVFIPQPTLASLIQALRALKEEGRMTFPLLAECLFRDGRRDLLRDLLHLDPRFLERHLAGVMSYFSPYQLTVMHVDGELCAFIIRSFIFLSKDTIGSRSTHQTMLHWVYCMENLDLLGPTDVDYLMSMLRSLSRVDLQRQVQTLMGLHLSGPSHSQEYRHTPLEHAHHSH,0,gp,ucb,one_hot,mutation
0,34,MQYKLILNGKTLKGETTMEAVDAATAEKVFKQYANDNGVDVEWTYDDATKTFTPTELEVLFQGPLPPNSMATYEVLCEVARMLLTDDREVVLFILFVFIPQPTLASLIQALRALKEEGRMTFPLLAECLFRDGRRDLLRDLLHLDPRFLERHLAGTMSYFSPYQLTVLHVDGELCAFDIRSFIFLSKDTIGSRSTHQTMLHWVYCMENLDLLGPTDVDYLMSMLRSLSRVDLQRQVQTLMGLHLSGPSHSQEYRHTPLEHHHHSH,0,gp,ucb,one_hot,mutation
0,34,MQYVLILNGKTLKGETTTEAVDAATAEWVFKQYANDNGVDVEWHYDDATKTFTKTELEVLFQGPLDPNSMATYEKLCEVARKLGTDDREVVLFLLNVFIPQPTLAQLIGALRALKEEGDLTFPLLAECLFRAGRRDLLRDLLHLDPRFLERHLAGTMSVFSPYQLTVLHVDGELCARDIRSLIFLSKDTIHSRSTPQTMLHWVYCMENLDLLGPTDVDALMSMLRSLSRVDLQRQVQTLMGLHLSGPSHCQHYRFTPLEHHHHSH,0,gp,ucb,one_hot,mutation
0,34,MQYKLILFGKTLKGETTTEAVDADTAEKVFKQYANDNGVDVEWTYDDATKTFFKTELEVLFQGPLTPNSMATYEVLESVARKLGTDDREVVLFLLNVFIPQPTLAQLIGALRALKEELRLTFPLLAEYLFRAGRRDLLGDLLHLDPRFLERHLAGTRSYFSPYQLTVLHVDGELCARDIRSLIFLSKDTCGSRSTPQTMLHTVYWMENLDLLGPTDVDALMSMLRSLSRVDQQGQVQTLMILHLSGPSHSQHYRHTGLEHHHHSH,0,gp,ucb,one_hot,mutation
0,34,MQYKLILNGKTLKGETTTEAVDAATAEKVFKQYANDNGVDVEWTYDDATKTFTPTELEVLFQGPLDPNSMATYEVLERVARMLQTDDREVVLFLLNVFIPQPTLASLIQALRTLKEEGRMTFPLLARCLFRDGRRDLLRDLLHLDPFFLERHLAGTGSYFSPYQLTVLHVDGELCAFDIRSFIFLSKDTIGSRSTHQTMLHWVYCMEMLDLGGPTDVDALMSMLRSLSRVVVQRQVQTLMGLHLSGPSHSQEYRHTPLEHHHHSH,0,gp,ucb,one_hot,mutation
0,35,MQYKLILNGKTLKGETTMEAVDAATAEKVFKQYANDNGVDVEWTYDDATKTFTPTELEVLFQGPLPPNSMATYEVLCEVARMLLTDDREVVLFILFVFIPQPTLASLIQALRALKEEGRMTFPLLAECLFRDGRRDLLRDLLHLDPRFLERHLAGTMSYFSPYQLTVLHVDGELCAFDIRSFIFLSKDTIGSRSTHQTMLHWVYCMENLDLFGPTDVDYLMSMLRSLSRVDLQRQVQTLMGLHLSGPSHSQEYRHTPLEHHHHSH,0,gp,ucb,one_hot,mutation
0,35,RQYKLILNAKTLKGETTTEAVDAATAEKVFKQYANDNGCDVEWQYDDATKTFTKTELEVLFQGKLTPNSMATYEVLCEVARMIGTDDREVVLFLLNVFIPQPTPAQLIGALRALKEEGRMTFPLLAECLFRAGRRDLLRDLLHLDPRQLERCLAGTMSYFSPYQLTVLHVDGELCARHIRKFIFLSGDTIGSRSTHQTMLHWVYCMENLDLLGPTDVDALMSMLRSLSRVDLQRQGQMLMGLHLMGPSHSQHYRHTPLEAHHHSH,0,gp,ucb,one_hot,mutation
0,35,MQYKLIANGKTLKGETTTEAVDADTAEKVFKQYANDNGVDVEATYRDATKTFTTTVLEVLFQGPLDPNSMATYEVLEEVARKLGTDDNEVVLFDLNVFIPQPTLAQLIGALRALKEEGRLTFPLLAECLFRAGRRDLLGDLLHLDPRFLERHLAGTRSYPSPYQLTVLHVDGELCARDIRSLIFLSKDTIGSRSTPQTMLHWVYCMENLDLLGPTDVDAHMSMLRSLSHVDLQGQVQTLMGLHLSGPSHSQHYRHTPLEHHHHSQ,0,gp,ucb,one_hot,mutation
0,35,MQYKLILNGKTLKGETTMEAVDAATAEKVFKQYANDNGVDVEWTYDDATKTFTPTELEVLFQGPLPPNSMATYEVLCEVARMLLTDDREVVLFILFVFIPQPTLASLIQALRALKEEGRMTFPLLAECLFRDGRRDLLRDLLHLDPRFLERTLAGTMSYFSPYQLTVLHVDGELCAFDIRSFIFLSKDTIGSRSTHQTMLHWVYCMENLDLLGPTDVDYLMSMLRSLSRVDLQRQVQTLMGLHLSGPSHSQEYRHTPLEHHHHSH,0,gp,ucb,one_hot,mutation
0,35,MQYKLILFGKTLKGETTTEAVDADTAEKVFKQYANDNGVDVEWTYDDATKTFFKTELEVLFQGPLTPNSMATYEVLESVARKLGTDDREVVLFLLNVFIPQPTLAQLIGALRALKEELRLTFPLLAEYLFRAGRRDLLGDLLHLDPRFLERHLAGTRSYFSPYQLTVLHVDGELCARDIRSLMFLSKDTCGSRSTPQTMLHTVYWMENLDLLGPTDVDALMSMLRSLSRVDQQGQVQTLMILHLSGPSHSQHYRHTGLEHHHHSH,0,gp,ucb,one_hot,mutation
0,36,RQYKLILNAKTLKGETTTEAVDAATAEKVFKQYANDNGCDVEWQYDDATKTFTKTELEVLFQGKLTPNSMATYEVLCEVARMIGTDDREVVLFLLNVFIPQPTPAQLIGALRALKEEGRMTFPLLAECLFRAGRRDLLRDLLHLDPRQLERCLAGTMSYFSPYQLTVLHVDGELCARHIRKFIFLSGDTIGSRSTHQTMLHWVYCMENLDLLGPTDVDALMSMLRSLSRVDLQEQGQMLMGLHLMGPSHSQHYRHTPLEAHHHSH,0,gp,ucb,one_hot,mutation
0,36,LQNKLILNGKTLKGETTTEAVDADTAEKVFKQYANDNGVDVEATYRDATKTFTTTVLEVLFQGPLDPNSMATYRVLEEVARELGTDDREVVLTDLNVFIPQPTLPQLIGALRALKEEGRLTFPLLAECLFRAGRRDLLGDLLHLDPRFLERHLAGTRSYPSRYQLTVLHVDGELCARDIRSLIFLSKDTIGSRSTPQTMLHWVYCMENLDLLGPTDVDALMSMLRSLSHVDLQGQVQTLMGLHLSGPSHSQHYRHTPLEHHHHSH,0,gp,ucb,one_hot,mutation
0,36,MQYKLILNGKTLKGETTTEAVDAATDEKVFKQYANDNGVDVEWTYQDATKTFTPTELEVLFQGPLDPNSMATYEVLCRVARMLQTDDREVVLFLLNVFIPQPTLASLIQALRTLKEEGRMTFPLLARCLFRDGRRDLLRDLLHLDPFFLERHLAGTGSYFSPYQLTVLHVDGELCAFDIRSFIFLSKDTIGSRSTHQTMLHWVYCMEMLDLLGPTDVDALMSMLRSLSRVVVQRQVQTLMGLHLSGPSHSQEYRHTPLEHHHHSH,0,gp,ucb,one_hot,mutation
0,36,MQYKLILFGKTLKGETTTEAVDADTAEKVFKQYANDNGVDVEWTYDDATKTFFKTELEVLFQGPLDPNSMATYEVLESVARKLGTDDREVVLFLLNVFIPQPTLAQLIGALRALKEELRLTFPLLAEYLFRAGRRDLLGDLLHLDPRFLERHLAGTRSYFSPYYLTVLHVDGELCARDIRSLIFLSKDTIGSRSTPQTMLHTVYWMENLDLLGPTDVDALMSMLRSLSRVDQQGQVQTLMILHLSGPSHSQHYRHTGLEHHHHST,0,gp,ucb,one_hot,mutation
0,36,RQYKLILNAKTLKGETTTNAVDAATAEKVFKQYANDNGCDVEWTYDDATKTFTKTELEVLFQGPLTPNSMATYEVLCEVARMLGTDDREVVLFLLNVFIPQPTPAQLIGALRALKEEGRMTFPLLAECLFRAGRRDLLRDLLHLDPRFLERCLAGTMSYFSPYQLTVLHVDGELCARDIRSFIFLSGDTIGSRSTHQTMLHWVYCMENLDLLGPTDSDALMSMLRSLSRVDLQRQGQTLMGLHLMGPSHSQHYRHTPLEAHHHSH,0,gp,ucb,one_hot,mutation
0,37,RQYKLILNAKTLKGETTTEAVDAATAEKVFKQYANDNGCDVEWQYDDATKTFTKTELEVLFQGKLTPNSMATYEVLCEVARMIGTDDREVVLFLLNVFIPQPTPAQLIGALRALKEEGRMTFPLLAECLFRAGRRDLLRDLLHLDPRQLERCLAGTMSYFSPYQLTVLHVDGELCARHIRKFIFLSGDTIGSRSTHQTMLHWVYCMENLDLLGPTDVDALMSMLRSLSRVELQEQGQMLMGLHLMGPSHSQHYRHTPLEAHHHSH,0,gp,ucb,one_hot,mutation
0,37,MQYKLILFGKTLKGETTTEAVDADTAEKVFKQYANDNGVDVEWTYDDATKTFFKTELEVLFQGPLTPNSMATYEVLESVARKLGTDDRRVVLFLLNVFIPQPTLAQLIGALRALKEELRLTFPLLAEYLFRAGRRDLLGDLLHLDPRFLERHLAGTRSYFSPYQLTVLHVDGELCARDIRSLMFLSKDTCGSRSTPQTMLHTVYWMENLDLLGPTDVDALMSMLRSLSRVDQQGQVQTLMILHLSGPSHSQHYRHTGLEHHHHSH,0,gp,ucb,one_hot,mutation
0,37,RQYKLILNAKTLKGETTTEAVDAATAEKVFKQYANDNGCDVEWTYDDATKTFTKTELEVLFQGKLTPNSMATYEVLCEVARMLGTMDREVVLFLLNVFIPQPTPAQLIGALRDLKEEGRMTFPLLAECLFRAGRRDLLRDLLHLDPRFLERCLAGTMSYFSPYQLTVLHVDGELCARHIRSFIFLSGDTIGSRTTHQTYLHWVYCMENLDLLGPTDVDALMSMLRSLSRVDLQRQGQTLMGLHLMGPSHSQHYRHTPLEAHHHSH,0,gp,ucb,one_hot,mutation
0,37,RQYKLILNAKTLKGETTTNAVDAATAEKVFKQYANDNGCDVEWTYDDATKTFTKTELEVLFQGPLTPNSMATYEVLCEVARMLGTDDREVVLFLLNVFIPQPTPAQLIGALRALKEEGRMTFPLLAECKFRAGRRDLLRDLLHLDPRFLERCLAGTMSYFSPYQLTVLHVDGELCARDIRSFIFLSGDTIGSRSTHQTMLHWVYCMENLDLLGPTDSDALMSMLRSLSRVDLQRQGQTLMGLHLMGPSHSQHYRHTPLEAHHHSH,0,gp,ucb,one_hot,mutation
0,37,MQHKLILNGKTLKGETTTEAVDAATAEKVFKQYANDNGVDVEWTYDDATKTFTPTELEVLFQGPLDPNSMATYEVLCEVARMLQTDDREVVLFLLNVFIPQPTLASLIQALRALKEEGRTTFPLLARCLFRDGRRDLLRDLLHLDPFFLERHLAGTGSYFSPYQLTVLHVDGELCAFDIRSFIFLSKDTIGSRSTHQTMLHWVYCMEMLDLLGPTDVDALMSMLRSLSRVDVQRQVQTLMGLHLSGPSHSQEYRHTSLEHHHHSH,0,gp,ucb,one_hot,mutation
0,38,RQYKLILNAKTLKGETTTEAVDAATAEKVFKQYANDNGCDVEWQYDDATKTFTKTELEVLFQGKLTPNSMATYEVLCEVARMIGTDDREVVLFLLNVFIPQPTPAQLIGALRALKEEGRMTFPLLAECLFRAGRRDLLRDLLHLDPRQLERCLAGTMSYFSPYQLTVLHVDGELCARHWRKFIFLSGDTIGSRSTHQTMLHWVYCMENLDLLGPTDVDALMSMLRSLSRVELQEQGQMLMGLHLMGPSHSQHYRHTPLEAHHHSH,0,gp,ucb,one_hot,mutation
0,38,MQYKLILFGKTLKGETTTEAVDADTAEKVFKQYANDNGVDVEWTYDDATKTFFKTELEVLFQGPLTPNSMATYEVLESVARKLGTDDRRVVLFLLNVFIPQPTLAQLIGALRALKEELRLTFPLLAEYLFRAGRRDLLGDLLHLDPRFLERHLAGTRSYFSPYQLTVLHVDGELCARDIRSLMFLSKDTCGPRSTPQTMLHTVYWMENLDLLGPTDVDALMSMLRSLSRVDQQGQVQTLMILHLSGPSHSQHYRHTGLEHHHHSH,0,gp,ucb,one_hot,mutation
0,38,MQYKLIANGKTLKGETTTEAVDADTAEKVFKQYANDNGVDVEATYRDATKTFTTTVLEVLFQGPLDPNSMATYEVLEEVARKLGTDDNEVVLFDLNVFIPQPTLAQLIGALRALKEEGRLTFPLLAECLFRAGRRDLLGDLLHLDPRFLERHLAGTRAYPSPYQLTVLHVDGELCARDIRSLIFLSKDTIGSRSTPQTMLHWVYCMENLDLLGPTDVDAHMSMLRSLSHVDLQGQVQTLMGLHLSGPSHSQHYRHTPLEHHHHSQ,0,gp,ucb,one_hot,mutation
0,38,RQYKLILNAKTLKGETTTEAVDAATAEKVFKQYANDNGCDVEWQYDDATKTFTKTELEVLFQGKLTPNSMATYEVLCEVARMIGTDDREVVLFLLNVFIPQPAPAQLIGALRALKEEGRMTFPLLAECLFRAGRRDLLRDLLHLDPRQLERCLAGTMSYFSPYQLTVLHVDGELCARHIRKFIFLSGDTIGSRSTHQTMLHWVYCMENLDLLGPTDVDALMSMLRSLSRVELQEQGQMLMGLHLMGPSHSQHYRHTPLEAHHHSH,0,gp,ucb,one_hot,mutation
0,38,LQNKLILNGKTLKGETTTEAVDAGTAEKVFKQYANDNGVDVEATYRDATKTFTTTVLEVLFQGPLDPNSMATYRVLEEVARELGTDDREVVLTDLNVFIPQPTLPQLIGALRALKEEGRLTFPLLAECLFRAGRRDLLGDLLHLDPRFLERHLAGTRSYPSRYQLTVLHVDGELCARDIRSLIFLSKDTIGSRSTPQTMLHWVYCMENLDLLGPTDVDALMSMLRSLSHVDLQGQVQTLMGLHLSGPSHSQHYRHTPLEHHHHSH,0,gp,ucb,one_hot,mutation
0,39,RQYKLILNAKTLKGETTTEAVDAATAEKVFKQYANDNGCDVEWTYDDATKTFTKTELEVLFQGKLTPNSMATYEVLCEVARMLGTMDREVVLFLLNVFIPQPTPAQLIGAIRDLKEEGRMTFPLLAECLFRAGRRDLLRDLLHLDPRFLERCLAGTMSYFSPYQLTVLHVDGELCARHIRSFIFLSGDTIGSRTTHQTYLHWVYCMENLDLLGPTDVDALMSMLRSLSRVDLQRQGQTLMGLHLMGPSHSQHYRHTPLEAHHHSH,0,gp,ucb,one_hot,mutation
0,39,RQYKLILNAKTLKGETTTNAVDAATAEKVFKQYANDNGCDVEWTYDDATKTFTKTELEVLFQGPLTPNSMATYEVLCEVARMLGTDDREVVLFLLNVFIPQPTPAQLIGALRALKEEGRMTFPLLAECKFRAGRRDLLRDLLHLDPRFLERCLAGTMSYFSPYQLTVLHVDGELCARDIRSFIFLSGDTIGSRSTHQTMLHWVYCMENLDLLGPTDSDALMSMLRSLSRVDLQRQGQTLMGLHLMGPSHSQHYCHTPLEAHHHSH,0,gp,ucb,one_hot,mutation
0,39,MQYKLILNGKTLKGETTTEAVDAATDEKVFKQYANDNGVDVEWTYQDATKTFTPTELEVLFQGPLDPNSMATYEVLCRVARMLQTDDREVVLFLLNVFIPQPTLASLIQALRTLKEEGRMTFPLLARCLFRDGRRDLLRDLLHLDPFFLERHLAGTGSYFSPYQLTVLHVDGELCAFDIRSFIFLSKDTIGSRSTHQTMLHWVYCMEMLDLLGPTDVDALMSMLRMLSRVVVQRQVQTLMGLHLSGPSHSQEYRHTPLEHHHHSH,0,gp,ucb,one_hot,mutation
0,39,MQYKLILFGKTLKGETTTEAVDADTAEKVFKQYANDNGVDVEWTYDDATKTFFKTELEVLFQGPLDPNSMATYEVLESVARKLGTDDREVVLFLLNVFIPQPTLAQLIGALRALKEELRLTFPLLAEYLFRAGRRDLLGDLLHLDPRFLERHLAGTRSYFSPYYLTVLHVDGELCARDIRSLIFLSKDTIGSRSTPQTMLHTVYWMENLDLLGPTDVDALMSMLRSLSRVDQQGQVQTLMILHLKGPSHSQHYRHTGLEHHHHST,0,gp,ucb,one_hot,mutation
0,39,MQYKLILNGKTLKGETTTEAVDAATDEKVFKQYANDNGVDVEWTYQDATKTFTPTELEVLFQGPLDPNSMATYEVLCRVARMLQTDDREVVLFLLNVFIPQPTLASLIQALRTLKEEGRMTFPLLARCLFRDGRRDLLRDLLHLDPFFLERHLAGTGSYFSPYQLTVLHVDGELCAFDIRSFIFLSKDTIGSRSTHQTMLHWVYCMEWLDLLGPTDVDALMSMLRSLSRVVVQRQVQTLMGLHLSGPSHSQEYRHTPLEHHHHSH,0,gp,ucb,one_hot,mutation
0,40,MQYKLILNGKTLKGETTTEAVDAATAEKVFKQYANDNGVDHEWTYDDATKRFTPTELEVLFQGPLDPNSMATYEVLCEVARMLQTDDREVVLFLLIVFIPQPTLASLIQALRALKEEGRMTFPLLAECLFRDGRRDLLRDLLHLDPRFLERHLAGVMSYFSPYQLTVMHVDGELCMFIIRSFIFLSKDTIGSRSTHQTMLHWVYCMENLDLLGPTDVDYLMSMLRSLSRVDLQRQVQTLMGLHLSGPSHSQEYRHTPLEHAHHSH,0,gp,ucb,one_hot,mutation
0,40,RQYKLILNAKTLKGETTTNAVDAATAEKVFKQYANDNGCDVEWTYDDATKTFTKTELEVLFQGPLTPNSMATYEVLCEVARMLGTDDREVVLFLLNVFIPQPTPAQLIGALRALKEEGRMTFPLLAECKFRAGRRDLLRDLLHLDPRFLERCLAGTMSYFSPYQLTVLHVDGELCARDIRSFIFLSGDTIGSRSTHQTMLHWVYCMENLDLLGPTDSDALMSMLRSLSRVDLQRIGQTLMGLHLMGPSHSQHYCHTPLEAHHHSH,0,gp,ucb,one_hot,mutation
0,40,LQNKLILNGKTLKGETTTEAVDAGTAEKVFKQYANDNGVDVEATYRDATKTFTTTVLEVLFQGPLDPNSMATYRVLEEVARELGTDDREVVLTDLNVFIPQPTLPQLIGALRALKEEGRLTFSLLAECLFRAGRRDLLGDLLHLDPRFLERHLAGTRSYPSRYQLTVLHVDGELCARDIRSLIFLSKDTIGSRSTPQTMLHWVYCMENLDLLGPTDVDALMSMLRSLSHVDLQGQVQTLMGLHLSGPSHSQHYRHTPLEHHHHSH,0,gp,ucb,one_hot,mutation
0,40,MQYKLILFGKTLKGETTTEAVDADTAEKVFKQYANDNGVDVEWTYDDATKTFFKTELEVLFQGPLDPNSMATYEVLESVARKLGTDDREVVLFLLNVFIPQPTLYQLIGALRALKEELRLTFPLLAEYLFRAGRRDLLGDLLHLDPRFLERHLAGTRSYFSPYYLTVLHVDGELCARDIRSLIFLSKDTIGSRSTPQTMLHTVYWMENLDLLGPTDVDALMSMLRSLSRVDQQGQVQTLMILHLKGPSHSQHYRHTGLEHHHHST,0,gp,ucb,one_hot,mutation
0,40,RQYKLILNAKTLKGETTTEAVDAATAEKVFKQYANDNGCDVEWQYDDATKTFTKTELEVLFQGKLTPNSMATYEVLCEVARMIGTDDREVVLFLLNVFIPQPTPAQLIGALRALKEEGRMTFPLLAECLFRAGRRDLLRDLLHLDPRQLERCLAGTMSYFSPYQLTVLHVDGELCARHWRKFIFLSGDTIGSRSTHQTMLHWVYCMENLDLLGPTDVDALMSMLRSLSRVELQEQGQMLMGLELMGPSHSQHYRHTPLEAHHHSH,0,gp,ucb,one_hot,mutation
0,41,MQYKLILNGKTLKGETTTEAVDAATAEKVFKQYANDNGVDHEWTYDDATKRFTPTELEVLFQGPLDPNSMATYEVLCEVARMLQTDDREVVLFLLIVFIPQPTLASLIQALRALKEEGRMTFPLLAECLFRDGRRDLLRDLLHLDPRFLERHLAGVMSYFRPYQLTVMHVDGELCMFIIRSFIFLSKDTIGSRSTHQTMLHWVYCMENLDLLGPTDVDYLMSMLRSLSRVDLQRQVQTLMGLHLSGPSHSQEYRHTPLEHAHHSH,0,gp,ucb,one_hot,mutation
0,41,RQYKLILNAKTLKGETTTNAVDAATAEKVFKQYANDNGCDVEWTYDDATKTFTKTELEVLFQGPLTPNSMATYEVLCEVARMLGTDDREVVLFLLNVFIPQPTPAQLIGALRALKEEGRMTFPLLAECKFRAGRRDLLRDLLHLDPRFLERCLAGTMSYFSPYQLTVLHVDGELCARDIRSFIFLSGDTSGSRSTHQTMLHWVYCMENLDLLGPTDSDALMSMLRSLSRVDLQRIGQTLMGLHLMGPSHSQHYCHTPLEAHHHSH,0,gp,ucb,one_hot,mutation
0,41,MQYKLIANGKTLKGETTTEAVDADTAEKVFKQYANDNGVDVEATYRDATKTFTTTVLEVLFQGPLDPNSMATYEVLEEVARKLGTDDNEVVLFDLNVFIPQPTLAQLIGALRALKEEGRLTFPLLAECLFRAGRRDLLGDLLHLDPRFLERHLAGTRAYPSPYQLTVLHVDGELCARDIRSLIFLSKDTIGSRVTPQTMLHWVYCMENLDLLGPTDVDAHMSMLRSLSHVDLQGQVQTLMGLHLSGPSHSQHYRHTPLEHHHHSQ,0,gp,ucb,one_hot,mutation
0,41,MQYKLILFGKTLKGETTTEAVDADTAEKVFKQYANDNGVDVEWTYDDATKTFFKTELEVLFQGPLDPNSMATYEVLESVARKLGTDDREVVLFLKNVFIPQPTLYQLIGALRALKEELRLTFPLLAEYLFRAGRRDLLGDLLHLDPRFLERHLAGTRSYFSPYYLTVLHVDGELCARDIRSLIFLSKDTIGSRSTPQTMLHTVYWMENLDLLGPTDVDALMSMLRSLSRVDQQGQVQTLMILHLKGPSHSQHYRHTGLEHHHHST,0,gp,ucb,one_hot,mutation
0,41,MQYVLILNGKTLKGETTTEAVDAATAEWVFKQYANDNGVDVEWHYDDATKTFTKTELEVLFQGPLDPNSMATYEKLCEVARKLGTDDREVVLFLLNVFIPQPTLAQLIGALRALKEEGDLTFPLLAECLFRAGRRDLLRDLLHLDPRFLERHLAGTMSVFSPYQLTVLHVDGELCARDIRSLIFLSKDTIHSRSTPQTMLHWVYCMENLDLLGPTDVDALMSMLTSLSRVDLQRQVQTLMGLHLSGPSHCQHYRFTPLEHHHHSH,0,gp,ucb,one_hot,mutation
0,42,RQYKLILNAKTLKGETTTNAVDAATAEKVFKQYANDNGCDVEWTYDDATKTFTKTELEVLFQGPLTPNSMATYEVLCEVARMLGTDDREVVLFLLNVFIPQPTPAQLIGALRALKEEGRMTFPLLAECKFRAGRRDLLRDLLHLDPRFLERCLAGTMSYFSPYQLYVLHVDGELCARDIRSFIFLSGDTSGSRSTHQTMLHWVYCMENLDLLGPTDSDALMSMLRSLSRVDLQRIGQTLMGLHLMGPSHSQHYCHTPLEAHHHSH,0,gp,ucb,one_hot,mutation
0,42,MQYKLIANGKTLKGETTTEAVDADTAEKVFKQYANDNGVDVEATYRDATKTFTTTVLEVLFQGPLDPNSMATYEVLEEVARKLGTDDNEVVLFDLNVFIPQPTLAQLIGALRALKEEGRLMFPLLAECLFRAGRRDLLGDLLHLDPRFLERHLAGTRAYPSPYQLTVLHVDGELCARDIRSLIFLSKDTIGSRVTPQTMLHWVYCMENLDLLGPTDVDAHMSMLRSLSHVDLQGQVQTLMGLHLSGPSHSQHYRHTPLEHHHHSQ,0,gp,ucb,one_hot,mutation
0,42,MQYKLILFGKTLKGETTTEAVDADTAEKVFKQYANDNGVDVEWTYDDATKTFFKTELEVLFQGPLDPNSMATYEVLESVARKLGTDDREVVLFLKNVFIPQPTLYQLIGALRALKEELRLTFPLLAEYLFRAGRRDLLGDLLHLDPRFLERHLAGTRSYFSPYYLTVLHVDGELCARDIRSLIFLGKDTIGSRSTPQTMLHTVYWMENLDLLGPTDVDALMSMLRSLSRVDQQGQVQTLMILHLKGPSHSQHYRHTGLEHHHHST,0,gp,ucb,one_hot,mutation
0,42,RQYKLILNAKTLKGETTTEAVDAATAEKVFKQYANDNGCDVEWTYDDATKTFTKTELEVLFQGKLTPNSMATYEVLCEVARMLGTMDREVVLFLLNVFIPQPTPAQLIGAIRDLKEEGRMTFPLLAECLFRAGRRDLLRDLLHIDPRFLERCLAGTMSYFSPYQLTVLHVDGELCARHIRSFIFLSGDTIGSRTTHQTYLHWVYCMENLDLLGPTDVDALMSMLRSLSRVDLQRQGQTLMGLHLMGPSHSQHYRHTPLEAHHHSH,0,gp,ucb,one_hot,mutation
0,42,MQHKLILNGKTLKGETTTEAVDAATAEKVFKQYANDNGVDVEWTYDDATKTFTPTELEVLFQGPLDPNSMATYEVLCEVARMLQTDDREVVLFLLNVFIPQPTLASLIQALRALKEEGRTTFPLLARCLFRDGRRDLLRDLLHLDPFFLERHLAGTGSYFSPYQLTVLSVDGELCAFDIRSFIFLSKDTIGSRSTHQTMLHWVYCMEMLDLLGPTDVDALMSMLRSLSRVDVQRQVQTLMGLHLSGPSHSQEYRHTSLEHHHHSH,0,gp,ucb,one_hot,mutation
0,43,RQYKLILNAKTLKGETTTNAVDAATAEKVFKQYANDNGCDVFWTYDDATKTFTKTELEVLFQGPLTPNSMATYEVLCEVARMLGTDDREVVLFLLNVFIPQPTPAQLIGALRALKEEGRMTFPLLAECKFRAGRRDLLRDLLHLDPRFLERCLAGTMSYFSPYQLYVLHVDGELCARDIRSFIFLSGDTSGSRSTHQTMLHWVYCMENLDLLGPTDSDALMSMLRSLSRVDLQRIGQTLMGLHLMGPSHSQHYCHTPLEAHHHSH,0,gp,ucb,one_hot,mutation
0,43,MQYKLILFGKTLKGETTTEAVDADTAEKVFKQYANDNGVDVEWTYDDATKTFFKTELEVLFQGPLTPNSMATYEVLESVARKLGTDDRRVVLFLLNVFIPQPTLAQLIGALRALKEELRLTFPLLAEYLFRAGRRDLLGDLLHLDPRFLERHLAGTRSYFSPYQLTVLHVDGELCARDIRNLMFLSKDTCGPRSTPQTMLHTVYWMENLDLLGPTDVDALMSMLRSLSRVDQQGQVQTLMILHLSGPSHSQHYRHTGLEHHHHSH,0,gp,ucb,one_hot,mutation
0,43,RQYKLILNAKTLKGETTTEAVDAATAEKVFKQYANDNGCDVEWQYDDATKTFTKTELEVLFQGKLTPNSMATYEVLCEVARMIGTDDREVVLFLLNVFIPQPTPAQLIGALRALKEEGRMTFPLLAECLFRAGRRDLLRDLLHLDPRQLERCLAGTMSYFSPYQLTVLHVDGELCARHWRKFIFLSGDTIGSRSTHNTMLHWVYCMENLDLLGPTDVDALMSMLRSLSRVELQEQGQMLMGLELMGPSHSQHYRHTPLEAHHHSH,0,gp,ucb,one_hot,mutation
0,43,MQYKLILNGKTLKGETTMEAVDAATAEKVFKQYANDNGVDVEWTYDDATKTFTPTELEVLFQGPLPPNSMATYEVLCEVARMLLTDDREVVLFILFVFIPQPTLASLIQALRANKEEGRMTFPLLAECLFRDGRRDLLRDLLHLDPRFLERTLAGTMSYFSPYQLTVLHVDGELCAFDIRSFIFLSKDTIGSRSTHQTMLHWVYCMENLDLLGPTDVDYLMSMLRSLSRVDLQRQVQTLMGLHLSGPSHSQEYRHTPLEHHHHSH,0,gp,ucb,one_hot,mutation
0,43,MQYKLILNGKTLKGETTMIAVDAATAEKVFKQYANDNGVDVEWTYDDATKTFTPTELEVLFQGPLPPNSMATYEVLCEVARMLLTDDREVVLFILFVFIPQPTLASLIQALRALKEEGRMTFPLLAECLFRDGRRDLLRDLLHLDPRFLERHLAGTMSYFSPYQLTVLHVDGELCAFDIRSFIFLSKDTIGSRSTHQTMLHWVYCMENLDLFGPTDVDYLMSMLRSLSRVDLQRQVQTLMGLHLSGPSHSQEYRHTPLEHHHHSH,0,gp,ucb,one_hot,mutation
0,44,RQYKLILNAKTLKGETTTNAVDAATAEKVFKQYANDNGCDVFWTYDDATKTFTKTELEVLFQGPLTPNSMATYEVLCEVARMLGTDDREVVLFLLNVFIPQPTPAQLIGALRALKEEGRMTFPLLAECKFRAGRRDLLRDLLHLDPRFLERCLAGTMSYFSPYQLYVLHVDGELCARDIRSFIFLSGDTSGSRSTHQTMQHWVYCMENLDLLGPTDSDALMSMLRSLSRVDLQRIGQTLMGLHLMGPSHSQHYCHTPLEAHHHSH,0,gp,ucb,one_hot,mutation
0,44,MQYKLIANGKTLKGETTTEAVDADTAEKVFKQYANDNGVDVEATYRDATKTFTTTVLEVLFQGPLDPNSMATYEVQEEVARKLGTDDNEVVLFDLNVFIPQPTLAQLIGALRALKEEGRLMFPLLAECLFRAGRRDLLGDLLHLDPRFLERHLAGTRAYPSPYQLTVLHVDGELCARDIRSLIFLSKDTIGSRVTPQTMLHWVYCMENLDLLGPTDVDAHMSMLRSLSHVDLQGQVQTLMGLHLSGPSHSQHYRHTPLEHHHHSQ,0,gp,ucb,one_hot,mutation
0,44,MQYKLILFGKTLKGETTTEAVDADTAEKVFKQYANDNGVDVEWTYDDATKTFFKTELEVLFQGPLDPNSMATYEVLESVARKLGTDDREVVLFLKNVFIPQPTLYQLIGALRALKEELRLTFPLLAEYLFRAGRRDLLGDLLHLDPRFLERHLAGTRSYFSPYYLTVLHVDGELCARDIRSLIFLGKDTIGSRSTPQTMLHTVYWMENLDLLGPTDVDALMSMLRSLSRVDQQGQVQTLMILHLKGPSHSQHYRHTGLEHLHHST,0,gp,ucb,one_hot,mutation
0,44,RQYKLILNAKTLKGATTTEAVDAATAEKVFKQYANDNGCDVEWTYDDATKTFTKTELEVLFQGKLTPNSMATYEVLCEVARMLGTMDREVVLFLLNVFIPQPTPAQLIGAIRDLKEEGRMTFPLLAECLFRAGRRDLLRDLLHIDPRFLERCLAGTMSYFSPYQLTVLHVDGELCARHIRSFIFLSGDTIGSRTTHQTYLHWVYCMENLDLLGPTDVDALMSMLRSLSRVDLQRQGQTLMGLHLMGPSHSQHYRHTPLEAHHHSH,0,gp,ucb,one_hot,mutation
0,44,LQNKLILNGKTLKGETTTEAVDAGTAEKVFKQYANDNGVDVEATYRDATKTFTTTVLEVLFQGPLDPNSMATYRVLEEVARELGTDDREVVLTDLNVFIPQPTLPQLIGALRALKEEGRLTFSLLASCLFRAGRRDLLGDLLHLDPRFLERHLAGTRSYPSRYQLTVLHVDGELCARDIRSLIFLSKDTIGSRSTPQTMLHWVYCMENLDLLGPTDVDALMSMLRSLSHVDLQGQVQTLMGLHLSGPSHSQHYRHTPLEHHHHSH,0,gp,ucb,one_hot,mutation
0,45,MQYKLILNGKTLKGETTTEAVDAATAEKVFKQYANDNGVDHEWTYDDATKRFTPTELEVLFQGPLDPNSMATYEVLCEVARMLQTDDREVVLFLLIVEIPQPTLASLIQALRALKEEGRMTFPLLAECLFRDGRRDLLRDLLHLDPRFLERHLAGVMSYFRPYQLTVMHVDGELCMFIIRSFIFLSKDTIGSRSTHQTMLHWVYCMENLDLLGPTDVDYLMSMLRSLSRVDLQRQVQTLMGLHLSGPSHSQEYRHTPLEHAHHSH,0,gp,ucb,one_hot,mutation
0,45,MQYVLILNGKTLKGETTTEAVDAATAEWVFKQYANDNGVDVEWHYDDATKTFTKTELEVLFQGPLDNNSMATYEKLCEVARKLGTDDREVVLFLLNVFIPQPTLAQLIGALRALKEEGDLTFPLLAECLFRAGRRDLLRDLLHLDPRFLERHLAGTMSVFSPYQLTVLHVDGELCARDIRSLIFLSKDTIHSRSTPQTMLHWVYCMENLDLLGPTDVDALMSMLTSLSRVDLQRQVQTLMGLHLSGPSHCQHYRFTPLEHHHHSH,0,gp,ucb,one_hot,mutation
0,45,MQYKLILNGKTLKGETTMIAVDAATAEKVFKQYANDNGVDVEWTYDDAIKTFTPTELEVLFQGPLPPNSMATYEVLCEVARMLLTDDREVVLFILFVFIPQPTLASLIQALRALKEEGRMTFPLLAECLFRDGRRDLLRDLLHLDPRFLERHLAGTMSYFSPYQLTVLHVDGELCAFDIRSFIFLSKDTIGSRSTHQTMLHWVYCMENLDLFGPTDVDYLMSMLRSLSRVDLQRQVQTLMGLHLSGPSHSQEYRHTPLEHHHHSH,0,gp,ucb,one_hot,mutation
0,45,MQYKLILNGKTLKGETTTEAVDAATDEKVFKQYANDNGVDVEWTYQDATKTFTPTELEVLFQGPLDPNSMATYEFLCRVARMLQTDDREVVLFLLNVFIPQPTLASLIQALRTLKEEGRMTFPLLARCLFRDGRRDLLRDLLHLDPFFLERHLAGTGSYFSPYQLTVLHVDGELCAFDIRSFIFLSKDTIGSRSTHQTMLHWVYCMEWLDLLGPTDVDALMSMLRSLSRVVVQRQVQTLMGLHLSGPSHSQEYRHTPLEHHHHSH,0,gp,ucb,one_hot,mutation
0,45,MQNKLGLNGKTLKGETTTEAVDADTAEKVFKQYANDNGVDVEATYRDATKTFTTTVLEVLFQGPLDPNSMATYRVLEEVARELGTDDREVVLTMLNVFIPQPTLAQLIGALRALKEEGRLTFPLLAECLFRAGRRDLLGDLLHLDPRFLERHLAGTRSYPSRYQLTVLHVDGELCARDIRSLIFLSKDTIGSRSTPQTMLHWVYCMENLDLLGPTDVDALMSMLRSLSHVDLQGQVQTLMGLHLSGPSHSQHYRHTPLEHHHHSH,0,gp,ucb,one_hot,mutation
0,46,RQYKLILNAKTLKGETTTNAVDAATAEKVFKQYANDNGCDVFWTYDDATKTFTKTELEVLFQGPLTPNSMATYEVLCEVARMLGTDDREVVLFLLNVFIPQPTPAQLIGALRALKEEGRMTFPLLAECKFRAGRRDLLRDLLHLDPRFLERCLAGTMSYFSPYQLYVLDVDGELCARDIRSFIFLSGDTSGSRSTHQTMQHWVYCMENLDLLGPTDSDALMSMLRSLSRVDLQRIGQTLMGLHLMGPSHSQHYCHTPLEAHHHSH,0,gp,ucb,one_hot,mutation
0,46,MQYKLILFGKTLKGETTTEAVDADTAEKVFKQYANDNGVDVEWTYDDATKTFFKTELEVLFQGPLDPNSMATYEVLESVARKLGTDDREVVLFLKNVFIPQPTLYQLIGALRALKEELRLTFPLLAEYLFRAGRRDLLGDLLHLDPRFLERHLAGTRSYFSPYYLTVLHVDGELCARDIRSLIFLGKDTIGSRSTPQTMLHTVYWMENLDLLGPTDVDALMSMLRSLSRVDQQGQVQTLMILHLKGPSHSQHYRHCGLEHLHHST,0,gp,ucb,one_hot,mutation
0,46,MQYKLIANGKTLKGETTTEAVDADTAEKVFKQYANDNGVDVEATYRDATKTFTTTVLEVLFQGPLDPNSMATYEVQEEVARKLWTDDNEVVLFDLNVFIPQPTLAQLIGALRALKEEGRLMFPLLAECLFRAGRRDLLGDLLHLDPRFLERHLAGTRAYPSPYQLTVLHVDGELCARDIRSLIFLSKDTIGSRVTPQTMLHWVYCMENLDLLGPTDVDAHMSMLRSLSHVDLQGQVQTLMGLHLSGPSHSQHYRHTPLEHHHHSQ,0,gp,ucb,one_hot,mutation
0,46,MQYKLILNGKTLKGETTTEAVDAATDEKVFKQYANDNGVDVEWTYQDATKTFTPTELEVLFQGPLDPNSMATYEFLCRVARMLQTDDREVVLFLLNVFIPQPTLASLIQALRTLKEEGRMTFPLLARCLFRDGRRDLLRDLLHLDPFFLERHLAGTGSYFSPYQLTVLHVDGENCAFDIRSFIFLSKDTIGSRSTHQTMLHWVYCMEWLDLLGPTDVDALMSMLRSLSRVVVQRQVQTLMGLHLSGPSHSQEYRHTPLEHHHHSH,0,gp,ucb,one_hot,mutation
0,46,MQYKLILNGKTLKGETTTEAVDADTAEKVFKQYANDNGVDVEWTYDDPTKTFTTTELEVLFQGPLDPNSMATYEVLEEVARKLGTDDREVVLFLLNVFIPQPTLAQLIGALRALKEEGRLTFPLLAECLFRAGRRDLLGDLLHLDPRFLERHLAGTRSYFSPYQLTVLHVDGELCARDIRSLIFLSKDTIGSRSTPQTMLHWVYCMMNLDLLGPTDVDALMSMLRSLSHVDLQGQVQTLMGLHLSGPSHSQHYRHTPLEHHHHSH,0,gp,ucb,one_hot,mutation
0,47,RQYKLILNAKTLKGETTTNAVDAATAEKVFKQYANDNGCDVFWTYDDATKTFTKTELEVLFQGPLTPNSMATYEVLCEVARMLGTDDREVVLFLLNVFIPQPTPAQLIGALRALKEEGRMTFPLLAECKFRGGRRDLLRDLLHLDPRFLERCLAGTMSYFSPYQLYVLDVDGELCARDIRSFIFLSGDTSGSRSTHQTMQHWVYCMENLDLLGPTDSDALMSMLRSLSRVDLQRIGQTLMGLHLMGPSHSQHYCHTPLEAHHHSH,0,gp,ucb,one_hot,mutation
0,47,MQYKLIANGKTLKGETTTEAVDADTAEKVFKQYANDNGVDVEATYRDATKTFTTTVLEVLFQGPLDPNSMATYEVQEEVARKLWTDDDEVVLFDLNVFIPQPTLAQLIGALRALKEEGRLMFPLLAECLFRAGRRDLLGDLLHLDPRFLERHLAGTRAYPSPYQLTVLHVDGELCARDIRSLIFLSKDTIGSRVTPQTMLHWVYCMENLDLLGPTDVDAHMSMLRSLSHVDLQGQVQTLMGLHLSGPSHSQHYRHTPLEHHHHSQ,0,gp,ucb,one_hot,mutation
0,47,MQYKLILNGKTLKGETTTEAVDAATDEKVFKQYANDNGVDVEWTYQDATKTFTPTELEVLFQGPLDPNSMATYEFLCRVARMLQTDDREVVLFLLNVFIPQPTLASLIQALRTLKEEGRMTFPLLARCLFRDGRRDLLRDLLHLDPFFLERHLAGTGSYFSPYQLTVLHVDGENCAFDIRSFIFLSKDTIGSRSTHQTMLHWVYCMEWLDLLGPTDVDALMSMLRSLSRVKVQRQVQTLMGLHLSGPSHSQEYRHTPLEHHHHSH,0,gp,ucb,one_hot,mutation
0,47,MQNKLGLNGKTLKGETTTEAVDADTAEKVFKQYANDNGVDVEATYRDATKTFTTTVLEVLFQGHLDPNSMATYRVLEEVARELGTDDREVVLTMLNVFIPQPTLAQLIGALRALKEEGRLTFPLLAECLFRAGRRDLLGDLLHLDPRFLERHLAGTRSYPSRYQLTVLHVDGELCARDIRSLIFLSKDTIGSRSTPQTMLHWVYCMENLDLLGPTDVDALMSMLRSLSHVDLQGQVQTLMGLHLSGPSHSQHYRHTPLEHHHHSH,0,gp,ucb,one_hot,mutation
0,47,MQYKLILNGKTLKGETTTEAVDADTAEKVFKQYANDNGVDVEWTYDDPTKTFTTTELEVLFQGPLDPNSMKTYEVLEEVARKLGTDDREVVLFLLNVFIPQPTLAQLIGALRALKEEGRLTFPLLAECLFRAGRRDLLGDLLHLDPRFLERHLAGTRSYFSPYQLTVLHVDGELCARDIRSLIFLSKDTIGSRSTPQTMLHWVYCMMNLDLLGPTDVDALMSMLRSLSHVDLQGQVQTLMGLHLSGPSHSQHYRHTPLEHHHHSH,0,gp,ucb,one_hot,mutation
0,48,RQYKLILNAKTLKVATTTEAVDAATAEKVFKQYANDNGCDVEWTYDDATKTFTKTELEVLFQGKLTPNSMATYEVLCEVARMLGTMDREVVLFLLNVFIPQPTPAQLIGAIRDLKEEGRMTFPLLAECLFRAGRRDLLRDLLHIDPRFLERCLAGTMSYFSPYQLTVLHVDGELCARHIRSFIFLSGDTIGSRTTHQTYLHWVYCMENLDLLGPTDVDALMSMLRSLSRVDLQRQGQTLMGLHLMGPSHSQHYRHTPLEAHHHSH,0,gp,ucb,one_hot,mutation
0,48,RQYKLILNAKTLKGATTTEAVDAATAEKVFKQYANDNGCDVEWTYDDATKTFTKTELEVLFQGKLTPNSMATYEVLCEVARMLGTMDREVVLFLLNVFIPQPTPAQLIGAIRDLKEEGRMTFPLLAECLFRAGRRDLLRDLLHIDPRFLERCLAGTMSYFSPYQLTVLHVDWELCARHIRSFIFLSGDTIGSRTTHQTYLHWVYCMENLDLLGPTDVDALMSMLRSLSRVDLQRQGQTLMGLHLMGPSHSQHYRHTPLEAHHHSH,0,gp,ucb,one_hot,mutation
0,48,LQNKLILNGKTLKGETTTEAVDAGTAEKVFKQYANDNGVDVEATYRDATKTFTTTVLEVLFQGPLDPNSMATYRVLEEVWRELGTDDREVVLTDLNVFIPQPTLPQLIGALRALKEEGRLTFSLLASCLFRAGRRDLLGDLLHLDPRFLERHLAGTRSYPSRYQLTVLHVDGELCARDIRSLIFLSKDTIGSRSTPQTMLHWVYCMENLDLLGPTDVDALMSMLRSLSHVDLQGQVQTLMGLHLSGPSHSQHYRHTPLEHHHHSH,0,gp,ucb,one_hot,mutation
0,48,LQNKLILNGKTLKGETTTEAVDAGTAEKVFKQYANDNGVDVEATYRDATKTFTTTVLEVLFQGPLDPNSMATYRVLEEVARELGTDDREVVLTDLNVFIPQPTLPQLIGALRALKEEGRLTFSLLASCLFRAGRRDLLGDLLHLDPRFLERHLAGTRSYPSRYQLTVLHVDGELCARDIRQLIFLSKDTIGSRSTPQTMLHWVYCMENLDLLGPTDVDALMSMLRSLSHVDLQGQVQTLMGLHLSGPSHSQHYRHTPLEHHHHSH,0,gp,ucb,one_hot,mutation
0,48,LQNKLILNGKTLKGETTTEAVDAGTAEKVFKQYANDNGVDVEATYRDATKTFTTTVLEVLFQGPLDPNSMATYRVLEEVARELGTDDREVVLTDLNVFIPQPTLPQLIGALRALKEEGRLTFSLLASCLFRAGRRDLLGDLLHLDPRFLERHLAGTRSYPSRYQLTVLHVDGELCARDIRSTIFLSKDTIGSRSTPQTMLHWVYCMENLDLLGPTDVDALMSMLRSLSHVDLQGQVQTLMGLHLSGPSHSQHYRHTPLEHHHHSH,0,gp,ucb,one_hot,mutation
0,49,MQYKLILNGKTLKGETTTEAVDAATDEKVFKQYANDNGVDVEWTYQDATKTFTPTELEVLFQGPLDPNSMATYEFLCRVARMLQTDDREVVLFLLNVFIPQPTLASLIQALRTLKEEGRMTFPLLARCLFRDGRRDSLRDLLHLDPFFLERHLAGTGSYFSPYQLTVLHVDGENCAFDIRSFIFLSKDTIGSRSTHQTMLHWVYCMEWLDLLGPTDVDALMSMLRSLSRVKVQRQVQTLMGLHLSGPSHSQEYRHTPLEHHHHSH,0,gp,ucb,one_hot,mutation
0,49,MQYKLILNSKTLKGETTMIAVDAATAEKVFKQYANDNGVDVEWTYDDAIKTFTPTELEVLFQGPLPPNSMATYEVLCEVARMLLTDDREVVLFILFVFIPQPTLASLIQALRALKEEGRMTFPLLAECLFRDGRRDLLRDLLHLDPRFLERHLAGTMSYFSPYQLTVLHVDGELCAFDIRSFIFLSKDTIGSRSTHQTMLHWVYCMENLDLFGPTDVDYLMSMLRSLSRVDLQRQVQTLMGLHLSGPSHSQEYRHTPLEHHHHSH,0,gp,ucb,one_hot,mutation
0,49,MQYKLILNGKTLKGETTTEAVDADTAEKVFKQYANDNGVDVEWTYDDPTKTFTTTELEVLFQGPLDPNSMKTYEVLEEVARKLGTRDREVVLFLLNVFIPQPTLAQLIGALRALKEEGRLTFPLLAECLFRAGRRDLLGDLLHLDPRFLERHLAGTRSYFSPYQLTVLHVDGELCARDIRSLIFLSKDTIGSRSTPQTMLHWVYCMMNLDLLGPTDVDALMSMLRSLSHVDLQGQVQTLMGLHLSGPSHSQHYRHTPLEHHHHSH,0,gp,ucb,one_hot,mutation
0,49,MQNKLGLNGKTLKGETTTEAVDADTAEKVFKQYANDNGVDVEATYRDATKTFTTTVLEVLFQGHLDPNSMATYRVLEEVARELGTDDREVVLTMLNVFIPQPTLAQLIGALRALKEEGRLTFPLLAECLFRAGRRDLLGDLLHLDPRFLERHLAGTRSYPSRYQLTVLHVDGELCARDIRSLIFLSKDTIGSRSTPQTMLHWVYCMENLDLLGPTDVDALMSMLRSLSHVDLQGQVQTLMGLHLSGPSHSQHYRTTPLEHHHHSH,0,gp,ucb,one_hot,mutation
0,49,MQNKLGLNGKTLKGETTTEAVDADTAEKVFKQYANDNGVDVEATYRDATKTFTTTVLEVLFQGHLDPNSMATYRVLEEVARELGTDDREVVLTMKNVFIPQPTLAQLIGALRALKEEGRLTFPLLAECLFRAGRRDLLGDLLHLDPRFLERHLAGTRSYPSRYQLTVLHVDGELCARDIRSLIFLSKDTIGSRSTPQTMLHWVYCMENLDLLGPTDVDALMSMLRSLSHVDLQGQVQTLMGLHLSGPSHSQHYRHTPLEHHHHSH,0,gp,ucb,one_hot,mutation
0,50,MQYKLILNGKTLKGETTTEAVDAATDEKVFKQYANDNGVDVEWTYQDATKTFTPTELEVLFQGPLDPNSMATYEFLCRVARMLQTDDREVVLFLLNVFIPQPTLASLIQALRTLKEEGRMTFPLLARCLFRDGRRDSLRDLLHLDPFFLERHLAGTGSYFSPYQLTVLHVDGENCAFDIKSFIFLSKDTIGSRSTHQTMLHWVYCMEWLDLLGPTDVDALMSMLRSLSRVKVQRQVQTLMGLHLSGPSHSQEYRHTPLEHHHHSH,0,gp,ucb,one_hot,mutation
0,50,MQYVLILNGKTLKGETTTEAVDAATAEWVFKQYANDNGVDVEWHYDDATKTFTKTELEVLFQGPLDNNSMATYEKLCEVARKLMTDDREVVLFLLNVFIPQPTLAQLIGALRALKEEGDLTFPLLAECLFRAGRRDLLRDLLHLDPRFLERHLAGTMSVFSPYQLTVLHVDGELCARDIRSLIFLSKDTIHSRSTPQTMLHWVYCMENLDLLGPTDVDALMSMLTSLSRVDLQRQVQTLMGLHLSGPSHCQHYRFTPLEHHHHSH,0,gp,ucb,one_hot,mutation
0,50,MQYKLILNGKTLKGETTTEAVDADTAEKVFKQYANDNGVDVEWTYDDPTKTFTTTELEVLFQGPLDPNSMKTYEVLEEVARKLGTRDREVVLFLLNVFIPQPTLAQLIGAFRALKEEGRLTFPLLAECLFRAGRRDLLGDLLHLDPRFLERHLAGTRSYFSPYQLTVLHVDGELCARDIRSLIFLSKDTIGSRSTPQTMLHWVYCMMNLDLLGPTDVDALMSMLRSLSHVDLQGQVQTLMGLHLSGPSHSQHYRHTPLEHHHHSH,0,gp,ucb,one_hot,mutation
0,50,MQYKLILNGKTLKGETTMEAVDAATAEKVFKQYANDNGVDVEWTYDDATKTFTPTELEVLFQGPLPPNSMATYEVLCEVARMLLTDDREVVLFILFVFIPQPTLASLIQALRANKEEGRMTFPLLAECLFRDGRRDLLRDLLHLDPRFLERTLAGTMSYFSPYQLTVLHVDGELCAFDIRSFIFLSKDTIGSRSTHQTMLHWVYCMENLDLLGPTDVDYLMSMLRSLSRVDLQRQVQTLMGLHLSGPSHSQEYRHTHLEHHHHSH,0,gp,ucb,one_hot,mutation
0,50,RQYKLILNAKTLKGATTTEAVDAATAEKVFKQYANDNGCDVEWTYDDATVTFTKTELEVLFQGKLTPNSMATYEVLCEVARMLGTMDREVVLFLLNVFIPQPTPAQLIGAIRDLKEEGRMTFPLLAECLFRAGRRDLLRDLLHIDPRFLERCLAGTMSYFSPYQLTVLHVDWELCARHIRSFIFLSGDTIGSRTTHQTYLHWVYCMENLDLLGPTDVDALMSMLRSLSRVDLQRQGQTLMGLHLMGPSHSQHYRHTPLEAHHHSH,0,gp,ucb,one_hot,mutation
